,,,
,,,
Count of Patient_Name,Gender,,
Row Labels,F,M,Total Result
871 - SEPTICEMIA OR SEVERE SEPSIS W/O MV >96 HOURS W MCC,1452,1386,2838
291 - HEART FAILURE & SHOCK W MCC,1382,1360,2742
190 - CHRONIC OBSTRUCTIVE PULMONARY DISEASE W MCC,1336,1351,2687
470 - MAJOR JOINT REPLACEMENT OR REATTACHMENT OF LOWER EXTREMITY W/O MCC,1325,1341,2666
1-10,204,199,403
11-20,189,208,397
21-30,204,186,390
31-40,184,188,372
41-50,183,171,354
51-60,189,200,389
61-70,172,189,361
872 - SEPTICEMIA OR SEVERE SEPSIS W/O MV >96 HOURS W/O MCC,1295,1337,2632
1-10,191,174,365
11-20,185,193,378
21-30,188,205,393
31-40,172,184,356
41-50,178,182,360
51-60,192,206,398
61-70,189,193,382
"392 - ESOPHAGITIS, GASTROENT & MISC DIGEST DISORDERS W/O MCC",1289,1297,2586
1-10,175,176,351
11-20,198,172,370
21-30,171,183,354
31-40,175,183,358
41-50,192,184,376
51-60,180,195,375
61-70,198,204,402
690 - KIDNEY & URINARY TRACT INFECTIONS W/O MCC,1299,1285,2584
1-10,182,183,365
11-20,160,179,339
21-30,172,199,371
31-40,185,170,355
41-50,203,176,379
51-60,178,203,381
61-70,219,175,394
194 - SIMPLE PNEUMONIA & PLEURISY W CC,1241,1276,2517
1-10,182,159,341
11-20,189,178,367
21-30,169,166,335
31-40,161,197,358
41-50,187,197,384
51-60,163,183,346
61-70,190,196,386
189 - PULMONARY EDEMA & RESPIRATORY FAILURE,1232,1233,2465
1-10,173,174,347
11-20,170,195,365
21-30,176,177,353
31-40,176,159,335
41-50,180,172,352
51-60,197,178,375
61-70,160,178,338
603 - CELLULITIS W/O MCC,1213,1251,2464
1-10,176,184,360
11-20,177,179,356
21-30,170,163,333
31-40,162,163,325
41-50,170,182,352
51-60,172,199,371
61-70,186,181,367
683 - RENAL FAILURE W CC,1209,1217,2426
1-10,173,182,355
11-20,176,171,347
21-30,187,186,373
31-40,189,175,364
41-50,154,166,320
51-60,167,169,336
61-70,163,168,331
292 - HEART FAILURE & SHOCK W CC,1163,1251,2414
1-10,162,169,331
11-20,158,194,352
21-30,170,160,330
31-40,148,169,317
41-50,181,195,376
51-60,175,185,360
61-70,169,179,348
193 - SIMPLE PNEUMONIA & PLEURISY W MCC,1174,1233,2407
1-10,161,175,336
11-20,159,146,305
21-30,157,189,346
31-40,183,165,348
41-50,163,166,329
51-60,177,203,380
61-70,174,189,363
"641 - MISC DISORDERS OF NUTRITION,METABOLISM,FLUIDS/ELECTROLYTES W/O MCC",1156,1208,2364
1-10,182,187,369
11-20,163,171,334
21-30,182,177,359
31-40,157,149,306
41-50,157,164,321
51-60,156,176,332
61-70,159,184,343
378 - G.I. HEMORRHAGE W CC,1204,1117,2321
1-10,167,171,338
11-20,190,161,351
21-30,191,160,351
31-40,172,164,336
41-50,150,154,304
51-60,164,151,315
61-70,170,156,326
191 - CHRONIC OBSTRUCTIVE PULMONARY DISEASE W CC,1104,1098,2202
1-10,154,176,330
11-20,159,156,315
21-30,166,150,316
31-40,155,160,315
41-50,163,139,302
51-60,150,150,300
61-70,157,167,324
682 - RENAL FAILURE W MCC,1092,1081,2173
1-10,164,147,311
11-20,133,139,272
21-30,157,170,327
31-40,175,158,333
41-50,140,157,297
51-60,152,155,307
61-70,171,155,326
309 - CARDIAC ARRHYTHMIA & CONDUCTION DISORDERS W CC,1044,1051,2095
1-10,137,135,272
11-20,159,177,336
21-30,141,149,290
31-40,157,161,318
41-50,155,142,297
51-60,165,141,306
61-70,130,146,276
065 - INTRACRANIAL HEMORRHAGE OR CEREBRAL INFARCTION W CC OR TPA IN 24 HRS,1059,1031,2090
1-10,145,155,300
11-20,155,137,292
21-30,130,171,301
31-40,147,133,280
41-50,178,143,321
51-60,140,164,304
61-70,164,128,292
689 - KIDNEY & URINARY TRACT INFECTIONS W MCC,1007,1034,2041
1-10,140,149,289
11-20,136,154,290
21-30,141,169,310
31-40,141,137,278
41-50,168,136,304
51-60,147,144,291
61-70,134,145,279
481 - HIP & FEMUR PROCEDURES EXCEPT MAJOR JOINT W CC,988,1013,2001
1-10,135,150,285
11-20,143,130,273
21-30,144,134,278
31-40,160,157,317
41-50,156,163,319
51-60,141,141,282
61-70,109,138,247
"280 - ACUTE MYOCARDIAL INFARCTION, DISCHARGED ALIVE W MCC",986,963,1949
1-10,123,144,267
11-20,148,131,279
21-30,157,150,307
31-40,139,142,281
41-50,144,138,282
51-60,144,116,260
61-70,131,142,273
308 - CARDIAC ARRHYTHMIA & CONDUCTION DISORDERS W MCC,1007,938,1945
1-10,152,145,297
11-20,159,124,283
21-30,131,140,271
31-40,151,130,281
41-50,128,122,250
51-60,157,142,299
61-70,129,135,264
"640 - MISC DISORDERS OF NUTRITION,METABOLISM,FLUIDS/ELECTROLYTES W MCC",933,924,1857
1-10,132,136,268
11-20,133,130,263
21-30,140,122,262
31-40,132,133,265
41-50,132,146,278
51-60,150,133,283
61-70,114,124,238
853 - INFECTIOUS & PARASITIC DISEASES W O.R. PROCEDURE W MCC,938,911,1849
1-10,124,134,258
11-20,134,118,252
21-30,135,138,273
31-40,125,130,255
41-50,134,127,261
51-60,141,128,269
61-70,145,136,281
177 - RESPIRATORY INFECTIONS & INFLAMMATIONS W MCC,912,872,1784
1-10,134,117,251
11-20,104,130,234
21-30,160,140,300
31-40,138,111,249
41-50,137,121,258
51-60,102,137,239
61-70,137,116,253
638 - DIABETES W CC,865,907,1772
1-10,126,133,259
11-20,122,124,246
21-30,108,128,236
31-40,112,118,230
41-50,134,151,285
51-60,133,119,252
61-70,130,134,264
310 - CARDIAC ARRHYTHMIA & CONDUCTION DISORDERS W/O CC/MCC,890,880,1770
1-10,122,122,244
11-20,115,140,255
21-30,131,127,258
31-40,125,113,238
41-50,145,116,261
51-60,135,135,270
61-70,117,127,244
312 - SYNCOPE & COLLAPSE,875,880,1755
1-10,129,104,233
11-20,134,138,272
21-30,127,126,253
31-40,114,112,226
41-50,114,130,244
51-60,140,142,282
61-70,117,128,245
377 - G.I. HEMORRHAGE W MCC,875,861,1736
1-10,135,137,272
11-20,119,120,239
21-30,125,118,243
31-40,115,137,252
41-50,130,109,239
51-60,133,124,257
61-70,118,116,234
812 - RED BLOOD CELL DISORDERS W/O MCC,879,837,1716
1-10,125,123,248
11-20,120,107,227
21-30,152,109,261
31-40,114,127,241
41-50,136,124,260
51-60,119,129,248
61-70,113,118,231
208 - RESPIRATORY SYSTEM DIAGNOSIS W VENTILATOR SUPPORT <=96 HOURS,869,832,1701
1-10,127,120,247
11-20,135,122,257
21-30,115,114,229
31-40,105,116,221
41-50,125,124,249
51-60,127,115,242
61-70,135,121,256
389 - G.I. OBSTRUCTION W CC,885,806,1691
1-10,124,136,260
11-20,126,110,236
21-30,130,107,237
31-40,112,125,237
41-50,126,105,231
51-60,130,100,230
61-70,137,123,260
064 - INTRACRANIAL HEMORRHAGE OR CEREBRAL INFARCTION W MCC,856,801,1657
1-10,141,108,249
11-20,108,117,225
21-30,126,113,239
31-40,121,114,235
41-50,123,118,241
51-60,116,125,241
61-70,121,106,227
247 - PERC CARDIOVASC PROC W DRUG-ELUTING STENT W/O MCC,796,769,1565
1-10,115,110,225
11-20,87,115,202
21-30,122,90,212
31-40,128,116,244
41-50,114,110,224
51-60,120,123,243
61-70,110,105,215
698 - OTHER KIDNEY & URINARY TRACT DIAGNOSES W MCC,750,806,1556
1-10,111,103,214
11-20,107,112,219
21-30,118,118,236
31-40,87,118,205
41-50,111,118,229
51-60,113,126,239
61-70,103,111,214
330 - MAJOR SMALL & LARGE BOWEL PROCEDURES W CC,768,759,1527
1-10,95,116,211
11-20,110,126,236
21-30,113,97,210
31-40,121,102,223
41-50,108,113,221
51-60,119,93,212
61-70,102,112,214
"287 - CIRCULATORY DISORDERS EXCEPT AMI, W CARD CATH W/O MCC",735,785,1520
1-10,107,124,231
11-20,127,128,255
21-30,94,99,193
31-40,101,93,194
41-50,110,119,229
51-60,96,119,215
61-70,100,103,203
"281 - ACUTE MYOCARDIAL INFARCTION, DISCHARGED ALIVE W CC",751,760,1511
1-10,79,102,181
11-20,109,108,217
21-30,118,99,217
31-40,111,119,230
41-50,120,114,234
51-60,100,110,210
61-70,114,108,222
293 - HEART FAILURE & SHOCK W/O CC/MCC,674,741,1415
1-10,93,99,192
11-20,92,123,215
21-30,96,100,196
31-40,101,114,215
41-50,91,94,185
51-60,93,103,196
61-70,108,108,216
069 - TRANSIENT ISCHEMIA,702,710,1412
1-10,106,108,214
11-20,107,109,216
21-30,102,89,191
31-40,100,102,202
41-50,111,101,212
51-60,91,96,187
61-70,85,105,190
"391 - ESOPHAGITIS, GASTROENT & MISC DIGEST DISORDERS W MCC",746,648,1394
1-10,94,106,200
11-20,96,94,190
21-30,115,100,215
31-40,113,88,201
41-50,102,92,194
51-60,109,78,187
61-70,117,90,207
313 - CHEST PAIN,707,671,1378
1-10,115,76,191
11-20,92,97,189
21-30,90,108,198
31-40,111,89,200
41-50,97,102,199
51-60,98,101,199
61-70,104,98,202
460 - SPINAL FUSION EXCEPT CERVICAL W/O MCC,683,690,1373
1-10,91,107,198
11-20,121,87,208
21-30,87,87,174
31-40,94,99,193
41-50,96,89,185
51-60,105,111,216
61-70,89,110,199
192 - CHRONIC OBSTRUCTIVE PULMONARY DISEASE W/O CC/MCC,680,689,1369
1-10,80,108,188
11-20,86,103,189
21-30,89,103,192
31-40,110,86,196
41-50,102,82,184
51-60,106,95,201
61-70,107,112,219
552 - MEDICAL BACK PROBLEMS W/O MCC,682,677,1359
1-10,103,108,211
11-20,95,101,196
21-30,105,78,183
31-40,99,112,211
41-50,94,96,190
51-60,89,92,181
61-70,97,90,187
394 - OTHER DIGESTIVE SYSTEM DIAGNOSES W CC,707,652,1359
1-10,102,87,189
11-20,94,111,205
21-30,88,96,184
31-40,121,86,207
41-50,94,94,188
51-60,106,78,184
61-70,102,100,202
483 - MAJOR JOINT/LIMB REATTACHMENT PROCEDURE OF UPPER EXTREMITIES,693,661,1354
1-10,86,87,173
11-20,102,105,207
21-30,112,86,198
31-40,89,99,188
41-50,95,96,191
51-60,99,95,194
61-70,110,93,203
314 - OTHER CIRCULATORY SYSTEM DIAGNOSES W MCC,664,647,1311
1-10,94,88,182
11-20,101,86,187
21-30,98,90,188
31-40,83,106,189
41-50,96,87,183
51-60,95,93,188
61-70,97,97,194
195 - SIMPLE PNEUMONIA & PLEURISY W/O CC/MCC,701,600,1301
1-10,96,77,173
11-20,99,90,189
21-30,91,84,175
31-40,96,84,180
41-50,90,105,195
51-60,118,80,198
61-70,111,80,191
246 - PERC CARDIOVASC PROC W DRUG-ELUTING STENT W MCC OR 4+ VESSELS/STENTS,638,615,1253
1-10,82,87,169
11-20,83,93,176
21-30,109,93,202
31-40,86,100,186
41-50,84,68,152
51-60,100,96,196
61-70,94,78,172
101 - SEIZURES W/O MCC,618,613,1231
1-10,103,94,197
11-20,84,70,154
21-30,92,104,196
31-40,85,72,157
41-50,80,95,175
51-60,73,83,156
61-70,101,95,196
066 - INTRACRANIAL HEMORRHAGE OR CEREBRAL INFARCTION W/O CC/MCC,631,594,1225
1-10,92,91,183
11-20,82,76,158
21-30,87,77,164
31-40,91,92,183
41-50,95,88,183
51-60,85,80,165
61-70,99,90,189
202 - BRONCHITIS & ASTHMA W CC/MCC,605,585,1190
1-10,92,85,177
11-20,77,85,162
21-30,81,92,173
31-40,72,75,147
41-50,93,85,178
51-60,99,88,187
61-70,91,75,166
329 - MAJOR SMALL & LARGE BOWEL PROCEDURES W MCC,566,606,1172
1-10,80,87,167
11-20,89,87,176
21-30,96,93,189
31-40,87,90,177
41-50,73,76,149
51-60,65,87,152
61-70,76,86,162
"286 - CIRCULATORY DISORDERS EXCEPT AMI, W CARD CATH W MCC",595,577,1172
1-10,86,70,156
11-20,82,88,170
21-30,77,91,168
31-40,88,85,173
41-50,88,79,167
51-60,91,83,174
61-70,83,81,164
390 - G.I. OBSTRUCTION W/O CC/MCC,552,616,1168
1-10,82,79,161
11-20,78,79,157
21-30,67,85,152
31-40,85,97,182
41-50,87,91,178
51-60,63,94,157
61-70,90,91,181
917 - POISONING & TOXIC EFFECTS OF DRUGS W MCC,580,582,1162
1-10,85,78,163
11-20,91,73,164
21-30,71,86,157
31-40,102,91,193
41-50,74,93,167
51-60,73,87,160
61-70,84,74,158
637 - DIABETES W MCC,619,543,1162
1-10,93,69,162
11-20,90,84,174
21-30,76,77,153
31-40,104,67,171
41-50,86,79,165
51-60,91,76,167
61-70,79,91,170
176 - PULMONARY EMBOLISM W/O MCC,571,570,1141
1-10,85,70,155
11-20,82,89,171
21-30,68,84,152
31-40,85,89,174
41-50,93,86,179
51-60,67,71,138
61-70,91,81,172
948 - SIGNS & SYMPTOMS W/O MCC,569,557,1126
1-10,65,97,162
11-20,83,87,170
21-30,83,68,151
31-40,87,77,164
41-50,83,64,147
51-60,87,78,165
61-70,81,86,167
870 - SEPTICEMIA OR SEVERE SEPSIS W MV >96 HOURS,559,518,1077
1-10,90,73,163
11-20,74,87,161
21-30,74,78,152
31-40,77,72,149
41-50,78,72,150
51-60,87,68,155
61-70,79,68,147
480 - HIP & FEMUR PROCEDURES EXCEPT MAJOR JOINT W MCC,543,508,1051
1-10,85,80,165
11-20,67,58,125
21-30,69,79,148
31-40,73,60,133
41-50,70,63,133
51-60,82,87,169
61-70,97,81,178
252 - OTHER VASCULAR PROCEDURES W MCC,545,506,1051
1-10,80,61,141
11-20,78,80,158
21-30,76,71,147
31-40,78,78,156
41-50,67,80,147
51-60,79,72,151
61-70,87,64,151
300 - PERIPHERAL VASCULAR DISORDERS W CC,513,523,1036
1-10,70,70,140
11-20,83,68,151
21-30,74,76,150
31-40,76,81,157
41-50,59,63,122
51-60,77,82,159
61-70,74,83,157
178 - RESPIRATORY INFECTIONS & INFLAMMATIONS W CC,504,531,1035
1-10,80,62,142
11-20,75,83,158
21-30,72,78,150
31-40,58,78,136
41-50,64,80,144
51-60,72,77,149
61-70,83,73,156
699 - OTHER KIDNEY & URINARY TRACT DIAGNOSES W CC,516,501,1017
1-10,64,66,130
11-20,68,69,137
21-30,64,70,134
31-40,78,75,153
41-50,70,68,138
51-60,80,64,144
61-70,92,89,181
372 - MAJOR GASTROINTESTINAL DISORDERS & PERITONEAL INFECTIONS W CC,508,498,1006
1-10,62,65,127
11-20,90,69,159
21-30,65,69,134
31-40,77,77,154
41-50,76,70,146
51-60,64,78,142
61-70,74,70,144
305 - HYPERTENSION W/O MCC,494,497,991
1-10,64,54,118
11-20,75,86,161
21-30,70,82,152
31-40,78,72,150
41-50,66,72,138
51-60,63,74,137
61-70,78,57,135
602 - CELLULITIS W MCC,487,495,982
1-10,68,86,154
11-20,64,74,138
21-30,68,79,147
31-40,67,63,130
41-50,67,68,135
51-60,82,62,144
61-70,71,63,134
981 - EXTENSIVE O.R. PROCEDURE UNRELATED TO PRINCIPAL DIAGNOSIS W MCC,461,498,959
1-10,70,73,143
11-20,68,66,134
21-30,64,76,140
31-40,71,78,149
41-50,62,66,128
51-60,68,74,142
61-70,58,65,123
469 - MAJOR HIP AND KNEE JOINT REPLACEMENT OR REATTACHMENT OF LOWER EXTREM,467,476,943
1-10,87,80,167
11-20,69,64,133
21-30,75,56,131
31-40,43,68,111
41-50,65,72,137
51-60,55,66,121
61-70,73,70,143
439 - DISORDERS OF PANCREAS EXCEPT MALIGNANCY W CC,443,494,937
1-10,64,61,125
11-20,65,73,138
21-30,52,70,122
31-40,63,70,133
41-50,64,80,144
51-60,66,72,138
61-70,69,68,137
175 - PULMONARY EMBOLISM W MCC,426,479,905
1-10,50,79,129
11-20,54,67,121
21-30,59,61,120
31-40,56,68,124
41-50,72,77,149
51-60,52,62,114
61-70,83,65,148
253 - OTHER VASCULAR PROCEDURES W CC,417,481,898
1-10,73,74,147
11-20,77,65,142
21-30,53,76,129
31-40,51,68,119
41-50,52,63,115
51-60,65,64,129
61-70,46,71,117
057 - DEGENERATIVE NERVOUS SYSTEM DISORDERS W/O MCC,422,463,885
1-10,66,60,126
11-20,72,79,151
21-30,65,69,134
31-40,63,61,124
41-50,55,50,105
51-60,49,66,115
61-70,52,78,130
811 - RED BLOOD CELL DISORDERS W MCC,436,445,881
1-10,62,56,118
11-20,69,61,130
21-30,67,66,133
31-40,53,67,120
41-50,62,62,124
51-60,62,76,138
61-70,61,57,118
100 - SEIZURES W MCC,430,443,873
1-10,72,73,145
11-20,55,57,112
21-30,52,58,110
31-40,62,65,127
41-50,60,65,125
51-60,70,60,130
61-70,59,65,124
243 - PERMANENT CARDIAC PACEMAKER IMPLANT W CC,432,438,870
1-10,61,75,136
11-20,44,68,112
21-30,71,58,129
31-40,66,56,122
41-50,62,65,127
51-60,74,66,140
61-70,54,50,104
331 - MAJOR SMALL & LARGE BOWEL PROCEDURES W/O CC/MCC,428,427,855
1-10,63,61,124
11-20,63,59,122
21-30,56,81,137
31-40,66,60,126
41-50,58,59,117
51-60,54,47,101
61-70,68,60,128
897 - ALCOHOL/DRUG ABUSE OR DEPENDENCE W/O REHABILITATION THERAPY W/O MCC,433,416,849
1-10,64,68,132
11-20,61,68,129
21-30,53,61,114
31-40,63,60,123
41-50,67,48,115
51-60,63,50,113
61-70,62,61,123
039 - EXTRACRANIAL PROCEDURES W/O CC/MCC,442,399,841
1-10,63,69,132
11-20,66,55,121
21-30,64,59,123
31-40,66,54,120
41-50,55,65,120
51-60,65,40,105
61-70,63,57,120
536 - FRACTURES OF HIP & PELVIS W/O MCC,426,413,839
1-10,51,65,116
11-20,71,58,129
21-30,71,57,128
31-40,53,63,116
41-50,58,67,125
51-60,61,48,109
61-70,61,55,116
393 - OTHER DIGESTIVE SYSTEM DIAGNOSES W MCC,426,409,835
1-10,56,57,113
11-20,56,53,109
21-30,54,51,105
31-40,62,58,120
41-50,57,66,123
51-60,74,63,137
61-70,67,61,128
"563 - FX, SPRN, STRN & DISL EXCEPT FEMUR, HIP, PELVIS & THIGH W/O MCC",401,409,810
1-10,60,50,110
11-20,65,50,115
21-30,54,52,106
31-40,49,56,105
41-50,61,79,140
51-60,45,67,112
61-70,67,55,122
166 - OTHER RESP SYSTEM O.R. PROCEDURES W MCC,394,405,799
1-10,72,54,126
11-20,56,48,104
21-30,64,63,127
31-40,50,66,116
41-50,52,67,119
51-60,54,56,110
61-70,46,51,97
482 - HIP & FEMUR PROCEDURES EXCEPT MAJOR JOINT W/O CC/MCC,414,385,799
1-10,70,59,129
11-20,62,53,115
21-30,59,55,114
31-40,49,69,118
41-50,64,49,113
51-60,57,50,107
61-70,53,50,103
"282 - ACUTE MYOCARDIAL INFARCTION, DISCHARGED ALIVE W/O CC/MCC",378,414,792
1-10,64,55,119
11-20,59,59,118
21-30,48,52,100
31-40,52,53,105
41-50,41,64,105
51-60,58,70,128
61-70,56,61,117
418 - LAPAROSCOPIC CHOLECYSTECTOMY W/O C.D.E. W CC,376,399,775
1-10,50,53,103
11-20,58,51,109
21-30,53,64,117
31-40,53,52,105
41-50,45,59,104
51-60,46,62,108
61-70,71,58,129
092 - OTHER DISORDERS OF NERVOUS SYSTEM W CC,364,358,722
1-10,53,55,108
11-20,59,49,108
21-30,43,50,93
31-40,54,45,99
41-50,51,34,85
51-60,51,61,112
61-70,53,64,117
207 - RESPIRATORY SYSTEM DIAGNOSIS W VENTILATOR SUPPORT >96 HOURS,324,351,675
1-10,39,49,88
11-20,43,54,97
21-30,49,56,105
31-40,47,47,94
41-50,55,61,116
51-60,38,35,73
61-70,53,49,102
918 - POISONING & TOXIC EFFECTS OF DRUGS W/O MCC,334,337,671
1-10,51,53,104
11-20,50,53,103
21-30,49,48,97
31-40,50,44,94
41-50,39,41,80
51-60,46,45,91
61-70,49,53,102
242 - PERMANENT CARDIAC PACEMAKER IMPLANT W MCC,319,342,661
1-10,50,29,79
11-20,40,43,83
21-30,48,47,95
31-40,43,52,95
41-50,36,52,88
51-60,52,50,102
61-70,50,69,119
473 - CERVICAL SPINAL FUSION W/O CC/MCC,317,326,643
1-10,46,43,89
11-20,39,38,77
21-30,45,46,91
31-40,39,58,97
41-50,55,50,105
51-60,40,57,97
61-70,53,34,87
315 - OTHER CIRCULATORY SYSTEM DIAGNOSES W CC,316,306,622
1-10,44,34,78
11-20,36,46,82
21-30,44,43,87
31-40,53,40,93
41-50,44,39,83
51-60,56,50,106
61-70,39,54,93
270 - OTHER MAJOR CARDIOVASCULAR PROCEDURES W MCC,291,329,620
1-10,42,52,94
11-20,48,54,102
21-30,45,53,98
31-40,41,52,93
41-50,38,30,68
51-60,40,40,80
61-70,37,48,85
180 - RESPIRATORY NEOPLASMS W MCC,308,310,618
1-10,39,49,88
11-20,51,45,96
21-30,52,42,94
31-40,31,41,72
41-50,48,49,97
51-60,47,34,81
61-70,40,50,90
371 - MAJOR GASTROINTESTINAL DISORDERS & PERITONEAL INFECTIONS W MCC,299,317,616
1-10,58,56,114
11-20,34,36,70
21-30,44,48,92
31-40,40,43,83
41-50,39,41,80
51-60,45,50,95
61-70,39,43,82
299 - PERIPHERAL VASCULAR DISORDERS W MCC,309,299,608
1-10,44,51,95
11-20,43,41,84
21-30,52,26,78
31-40,44,49,93
41-50,41,51,92
51-60,41,47,88
61-70,44,34,78
269 - AORTIC AND HEART ASSIST PROCEDURES EXCEPT PULSATION BALLOON W/O MCC,312,296,608
1-10,42,44,86
11-20,45,46,91
21-30,37,38,75
31-40,53,43,96
41-50,54,36,90
51-60,44,40,84
61-70,37,49,86
388 - G.I. OBSTRUCTION W MCC,273,329,602
1-10,43,47,90
11-20,36,57,93
21-30,29,42,71
31-40,44,49,93
41-50,36,40,76
51-60,45,45,90
61-70,40,49,89
467 - REVISION OF HIP OR KNEE REPLACEMENT W CC,300,301,601
1-10,52,45,97
11-20,37,50,87
21-30,46,27,73
31-40,53,41,94
41-50,44,48,92
51-60,35,49,84
61-70,33,41,74
"493 - LOWER EXTREM & HUMER PROC EXCEPT HIP,FOOT,FEMUR W CC",303,297,600
1-10,46,33,79
11-20,35,42,77
21-30,37,37,74
31-40,46,39,85
41-50,48,48,96
51-60,42,44,86
61-70,49,54,103
379 - G.I. HEMORRHAGE W/O CC/MCC,313,285,598
1-10,47,47,94
11-20,54,42,96
21-30,40,37,77
31-40,33,36,69
41-50,45,35,80
51-60,53,41,94
61-70,41,47,88
684 - RENAL FAILURE W/O CC/MCC,300,295,595
1-10,45,37,82
11-20,45,33,78
21-30,35,38,73
31-40,37,47,84
41-50,42,53,95
51-60,46,49,95
61-70,50,38,88
236 - CORONARY BYPASS W/O CARDIAC CATH W/O MCC,271,318,589
1-10,39,41,80
11-20,41,42,83
21-30,36,43,79
31-40,40,53,93
41-50,39,43,82
51-60,36,49,85
61-70,40,47,87
854 - INFECTIOUS & PARASITIC DISEASES W O.R. PROCEDURE W CC,299,286,585
1-10,55,48,103
11-20,33,48,81
21-30,45,39,84
31-40,43,31,74
41-50,41,38,79
51-60,41,34,75
61-70,41,48,89
885 - PSYCHOSES,295,277,572
1-10,37,40,77
11-20,40,57,97
21-30,45,40,85
31-40,47,34,81
41-50,35,34,69
51-60,44,36,80
61-70,47,36,83
884 - ORGANIC DISTURBANCES & INTELLECTUAL DISABILITY,268,297,565
1-10,42,45,87
11-20,43,46,89
21-30,37,39,76
31-40,35,41,76
41-50,40,39,79
51-60,39,40,79
61-70,32,47,79
244 - PERMANENT CARDIAC PACEMAKER IMPLANT W/O CC/MCC,297,264,561
1-10,29,19,48
11-20,41,42,83
21-30,41,40,81
31-40,37,56,93
41-50,47,24,71
51-60,54,33,87
61-70,48,50,98
"441 - DISORDERS OF LIVER EXCEPT MALIG,CIRR,ALC HEPA W MCC",307,254,561
1-10,40,47,87
11-20,54,35,89
21-30,43,35,78
31-40,38,37,75
41-50,38,30,68
51-60,47,39,86
61-70,47,31,78
445 - DISORDERS OF THE BILIARY TRACT W CC,276,277,553
1-10,38,45,83
11-20,32,39,71
21-30,50,37,87
31-40,53,33,86
41-50,30,47,77
51-60,38,46,84
61-70,35,30,65
234 - CORONARY BYPASS W CARDIAC CATH W/O MCC,290,261,551
1-10,35,37,72
11-20,42,37,79
21-30,43,33,76
31-40,38,50,88
41-50,47,44,91
51-60,40,37,77
61-70,45,23,68
025 - CRANIOTOMY & ENDOVASCULAR INTRACRANIAL PROCEDURES W MCC,260,289,549
1-10,29,39,68
11-20,47,40,87
21-30,40,43,83
31-40,40,38,78
41-50,33,52,85
51-60,39,36,75
61-70,32,41,73
472 - CERVICAL SPINAL FUSION W CC,247,292,539
1-10,40,39,79
11-20,45,49,94
21-30,25,44,69
31-40,30,42,72
41-50,44,42,86
51-60,31,36,67
61-70,32,40,72
"086 - TRAUMATIC STUPOR & COMA, COMA <1 HR W CC",294,235,529
1-10,55,26,81
11-20,41,46,87
21-30,51,32,83
31-40,34,42,76
41-50,36,22,58
51-60,29,36,65
61-70,48,31,79
074 - CRANIAL & PERIPHERAL NERVE DISORDERS W/O MCC,258,268,526
1-10,40,33,73
11-20,35,46,81
21-30,39,44,83
31-40,33,36,69
41-50,36,23,59
51-60,41,44,85
61-70,34,42,76
468 - REVISION OF HIP OR KNEE REPLACEMENT W/O CC/MCC,270,251,521
1-10,41,44,85
11-20,45,29,74
21-30,41,35,76
31-40,32,46,78
41-50,26,28,54
51-60,46,30,76
61-70,39,39,78
"442 - DISORDERS OF LIVER EXCEPT MALIG,CIRR,ALC HEPA W CC",270,246,516
1-10,49,29,78
11-20,41,33,74
21-30,38,32,70
31-40,31,27,58
41-50,38,34,72
51-60,39,36,75
61-70,34,55,89
070 - NONSPECIFIC CEREBROVASCULAR DISORDERS W MCC,254,244,498
1-10,36,41,77
11-20,38,28,66
21-30,41,43,84
31-40,37,32,69
41-50,38,42,80
51-60,31,29,60
61-70,33,29,62
419 - LAPAROSCOPIC CHOLECYSTECTOMY W/O C.D.E. W/O CC/MCC,252,245,497
1-10,30,24,54
11-20,27,32,59
21-30,35,46,81
31-40,43,28,71
41-50,38,40,78
51-60,43,36,79
61-70,36,39,75
071 - NONSPECIFIC CEREBROVASCULAR DISORDERS W CC,258,224,482
1-10,38,42,80
11-20,41,36,77
21-30,31,34,65
31-40,38,28,66
41-50,36,21,57
51-60,35,34,69
61-70,39,29,68
233 - CORONARY BYPASS W CARDIAC CATH W MCC,236,242,478
1-10,28,30,58
11-20,31,37,68
21-30,26,32,58
31-40,35,38,73
41-50,39,30,69
51-60,34,36,70
61-70,43,39,82
220 - CARDIAC VALVE & OTH MAJ CARDIOTHORACIC PROC W/O CARD CATH W CC,245,225,470
1-10,25,23,48
11-20,37,32,69
21-30,38,33,71
31-40,41,37,78
41-50,38,38,76
51-60,35,34,69
61-70,31,28,59
149 - DYSEQUILIBRIUM,235,232,467
1-10,38,40,78
11-20,35,29,64
21-30,32,35,67
31-40,33,31,64
41-50,32,32,64
51-60,34,38,72
61-70,31,27,58
694 - URINARY STONES W/O ESW LITHOTRIPSY W/O MCC,243,224,467
1-10,30,30,60
11-20,29,18,47
21-30,40,28,68
31-40,25,42,67
41-50,35,38,73
51-60,51,36,87
61-70,33,32,65
164 - MAJOR CHEST PROCEDURES W CC,222,238,460
1-10,39,29,68
11-20,25,32,57
21-30,38,37,75
31-40,26,32,58
41-50,31,38,69
51-60,35,36,71
61-70,28,34,62
621 - O.R. PROCEDURES FOR OBESITY W/O CC/MCC,232,225,457
1-10,31,32,63
11-20,29,38,67
21-30,40,28,68
31-40,32,31,63
41-50,32,21,53
51-60,42,33,75
61-70,26,42,68
271 - OTHER MAJOR CARDIOVASCULAR PROCEDURES W CC,248,209,457
1-10,30,30,60
11-20,29,28,57
21-30,48,27,75
31-40,29,26,55
41-50,43,40,83
51-60,34,31,65
61-70,35,27,62
813 - COAGULATION DISORDERS,236,219,455
1-10,34,35,69
11-20,32,34,66
21-30,35,35,70
31-40,31,28,59
41-50,36,30,66
51-60,32,26,58
61-70,36,31,67
982 - EXTENSIVE O.R. PROCEDURE UNRELATED TO PRINCIPAL DIAGNOSIS W CC,227,224,451
1-10,23,33,56
11-20,40,37,77
21-30,30,27,57
31-40,37,29,66
41-50,37,31,68
51-60,28,41,69
61-70,32,26,58
274 - PERCUTANEOUS INTRACARDIAC PROCEDURES W/O MCC,224,216,440
1-10,34,34,68
11-20,22,30,52
21-30,36,27,63
31-40,28,29,57
41-50,45,30,75
51-60,33,34,67
61-70,26,32,58
708 - MAJOR MALE PELVIC PROCEDURES W/O CC/MCC,229,207,436
1-10,30,28,58
11-20,26,26,52
21-30,44,25,69
31-40,33,37,70
41-50,35,36,71
51-60,32,21,53
61-70,29,34,63
"004 - TRACH W MV >96 HRS OR PDX EXC FACE, MOUTH & NECK W/O MAJ O.R.",219,212,431
1-10,44,43,87
11-20,33,25,58
21-30,32,32,64
31-40,18,30,48
41-50,24,23,47
51-60,30,28,58
61-70,38,31,69
219 - CARDIAC VALVE & OTH MAJ CARDIOTHORACIC PROC W/O CARD CATH W MCC,214,212,426
1-10,33,31,64
11-20,28,34,62
21-30,27,27,54
31-40,39,26,65
41-50,33,40,73
51-60,30,30,60
61-70,24,24,48
254 - OTHER VASCULAR PROCEDURES W/O CC/MCC,201,221,422
1-10,20,36,56
11-20,26,31,57
21-30,39,39,78
31-40,32,30,62
41-50,34,34,68
51-60,21,23,44
61-70,29,28,57
"003 - ECMO OR TRACH W MV >96 HRS OR PDX EXC FACE, MOUTH & NECK W MAJ O.R.",203,218,421
1-10,27,32,59
11-20,24,25,49
21-30,40,35,75
31-40,27,31,58
41-50,28,33,61
51-60,33,33,66
61-70,24,29,53
304 - HYPERTENSION W MCC,193,226,419
1-10,28,28,56
11-20,27,29,56
21-30,29,30,59
31-40,34,35,69
41-50,23,44,67
51-60,15,22,37
61-70,37,38,75
267 - ENDOVASCULAR CARDIAC VALVE REPLACEMENT W/O MCC,221,196,417
1-10,36,31,67
11-20,34,25,59
21-30,28,32,60
31-40,35,29,64
41-50,26,27,53
51-60,32,24,56
61-70,30,28,58
516 - OTHER MUSCULOSKELET SYS & CONN TISS O.R. PROC W CC,214,202,416
1-10,30,32,62
11-20,27,39,66
21-30,37,25,62
31-40,27,27,54
41-50,22,24,46
51-60,24,22,46
61-70,47,33,80
303 - ATHEROSCLEROSIS W/O MCC,229,185,414
1-10,37,27,64
11-20,31,27,58
21-30,30,22,52
31-40,29,27,56
41-50,30,20,50
51-60,39,32,71
61-70,33,30,63
091 - OTHER DISORDERS OF NERVOUS SYSTEM W MCC,214,200,414
1-10,33,30,63
11-20,34,25,59
21-30,30,24,54
31-40,27,31,58
41-50,31,30,61
51-60,26,34,60
61-70,33,26,59
038 - EXTRACRANIAL PROCEDURES W CC,217,197,414
1-10,34,19,53
11-20,30,30,60
21-30,35,29,64
31-40,32,32,64
41-50,25,26,51
51-60,37,31,68
61-70,24,30,54
438 - DISORDERS OF PANCREAS EXCEPT MALIGNANCY W MCC,211,194,405
1-10,41,29,70
11-20,26,33,59
21-30,23,25,48
31-40,24,29,53
41-50,29,25,54
51-60,35,24,59
61-70,33,29,62
543 - PATHOLOGICAL FRACTURES & MUSCULOSKELET & CONN TISS MALIG W CC,195,210,405
1-10,26,21,47
11-20,29,32,61
21-30,34,32,66
31-40,33,34,67
41-50,26,32,58
51-60,23,31,54
61-70,24,28,52
054 - NERVOUS SYSTEM NEOPLASMS W MCC,214,177,391
1-10,35,14,49
11-20,27,28,55
21-30,29,27,56
31-40,39,28,67
41-50,36,20,56
51-60,21,30,51
61-70,27,30,57
417 - LAPAROSCOPIC CHOLECYSTECTOMY W/O C.D.E. W MCC,210,181,391
1-10,35,22,57
11-20,29,37,66
21-30,31,20,51
31-40,27,21,48
41-50,29,23,52
51-60,29,29,58
61-70,30,29,59
432 - CIRRHOSIS & ALCOHOLIC HEPATITIS W MCC,179,209,388
1-10,22,27,49
11-20,22,29,51
21-30,30,31,61
31-40,19,26,45
41-50,31,29,60
51-60,20,30,50
61-70,35,37,72
163 - MAJOR CHEST PROCEDURES W MCC,187,196,383
1-10,23,33,56
11-20,20,36,56
21-30,31,21,52
31-40,35,35,70
41-50,21,23,44
51-60,25,26,51
61-70,32,22,54
809 - MAJOR HEMATOL/IMMUN DIAG EXC SICKLE CELL CRISIS & COAGUL W CC,196,185,381
1-10,33,25,58
11-20,36,33,69
21-30,31,30,61
31-40,26,22,48
41-50,25,26,51
51-60,21,19,40
61-70,24,30,54
266 - ENDOVASCULAR CARDIAC VALVE REPLACEMENT W MCC,190,187,377
1-10,30,29,59
11-20,31,24,55
21-30,23,20,43
31-40,21,21,42
41-50,22,31,53
51-60,33,25,58
61-70,30,37,67
517 - OTHER MUSCULOSKELET SYS & CONN TISS O.R. PROC W/O CC/MCC,188,187,375
1-10,28,34,62
11-20,31,26,57
21-30,28,32,60
31-40,19,20,39
41-50,27,22,49
51-60,27,36,63
61-70,28,17,45
435 - MALIGNANCY OF HEPATOBILIARY SYSTEM OR PANCREAS W MCC,200,173,373
1-10,35,26,61
11-20,40,25,65
21-30,26,23,49
31-40,25,21,46
41-50,21,34,55
51-60,33,20,53
61-70,20,24,44
551 - MEDICAL BACK PROBLEMS W MCC,195,173,368
1-10,27,20,47
11-20,20,31,51
21-30,27,26,53
31-40,28,19,47
41-50,36,24,60
51-60,23,22,45
61-70,34,31,65
"605 - TRAUMA TO THE SKIN, SUBCUT TISS & BREAST W/O MCC",175,185,360
1-10,26,18,44
11-20,31,33,64
21-30,26,24,50
31-40,24,25,49
41-50,25,29,54
51-60,27,29,56
61-70,16,27,43
"617 - AMPUTAT OF LOWER LIMB FOR ENDOCRINE,NUTRIT,& METABOL DIS W CC",178,174,352
1-10,24,22,46
11-20,23,34,57
21-30,28,21,49
31-40,27,20,47
41-50,27,21,48
51-60,24,27,51
61-70,25,29,54
440 - DISORDERS OF PANCREAS EXCEPT MALIGNANCY W/O CC/MCC,184,166,350
1-10,24,21,45
11-20,34,30,64
21-30,23,26,49
31-40,28,24,52
41-50,23,21,44
51-60,29,16,45
61-70,23,28,51
264 - OTHER CIRCULATORY SYSTEM O.R. PROCEDURES,183,162,345
1-10,26,25,51
11-20,31,24,55
21-30,27,18,45
31-40,20,30,50
41-50,21,17,38
51-60,33,22,55
61-70,25,26,51
847 - CHEMOTHERAPY W/O ACUTE LEUKEMIA AS SECONDARY DIAGNOSIS W CC,173,169,342
1-10,20,19,39
11-20,33,21,54
21-30,27,21,48
31-40,28,21,49
41-50,26,26,52
51-60,23,29,52
61-70,16,32,48
920 - COMPLICATIONS OF TREATMENT W CC,179,162,341
1-10,23,24,47
11-20,25,20,45
21-30,24,25,49
31-40,23,26,49
41-50,30,19,49
51-60,31,30,61
61-70,23,18,41
444 - DISORDERS OF THE BILIARY TRACT W MCC,169,167,336
1-10,32,30,62
11-20,14,17,31
21-30,28,18,46
31-40,26,28,54
41-50,26,26,52
51-60,24,18,42
61-70,19,30,49
"087 - TRAUMATIC STUPOR & COMA, COMA <1 HR W/O CC/MCC",165,171,336
1-10,19,23,42
11-20,21,23,44
21-30,33,31,64
31-40,22,27,49
41-50,24,21,45
51-60,23,28,51
61-70,23,18,41
375 - DIGESTIVE MALIGNANCY W CC,162,174,336
1-10,28,26,54
11-20,27,18,45
21-30,26,28,54
31-40,22,27,49
41-50,23,27,50
51-60,19,23,42
61-70,17,25,42
669 - TRANSURETHRAL PROCEDURES W CC,186,149,335
1-10,34,23,57
11-20,26,24,50
21-30,21,19,40
31-40,25,20,45
41-50,28,19,47
51-60,27,17,44
61-70,25,27,52
235 - CORONARY BYPASS W/O CARDIAC CATH W MCC,154,180,334
1-10,18,30,48
11-20,21,21,42
21-30,25,24,49
31-40,19,26,45
41-50,22,27,49
51-60,23,29,52
61-70,26,23,49
919 - COMPLICATIONS OF TREATMENT W MCC,160,170,330
1-10,17,23,40
11-20,28,26,54
21-30,29,19,48
31-40,24,21,45
41-50,21,25,46
51-60,23,30,53
61-70,18,26,44
"494 - LOWER EXTREM & HUMER PROC EXCEPT HIP,FOOT,FEMUR W/O CC/MCC",156,170,326
1-10,22,31,53
11-20,22,30,52
21-30,21,19,40
31-40,21,25,46
41-50,26,15,41
51-60,27,27,54
61-70,17,23,40
"085 - TRAUMATIC STUPOR & COMA, COMA <1 HR W MCC",168,156,324
1-10,22,23,45
11-20,35,26,61
21-30,24,25,49
31-40,25,27,52
41-50,16,16,32
51-60,25,17,42
61-70,21,22,43
056 - DEGENERATIVE NERVOUS SYSTEM DISORDERS W MCC,171,150,321
1-10,28,25,53
11-20,20,17,37
21-30,24,20,44
31-40,28,23,51
41-50,22,13,35
51-60,26,33,59
61-70,23,19,42
167 - OTHER RESP SYSTEM O.R. PROCEDURES W CC,155,163,318
1-10,25,21,46
11-20,26,24,50
21-30,31,18,49
31-40,28,32,60
41-50,17,22,39
51-60,18,21,39
61-70,10,25,35
554 - BONE DISEASES & ARTHROPATHIES W/O MCC,167,150,317
1-10,23,19,42
11-20,25,19,44
21-30,22,19,41
31-40,22,18,40
41-50,26,21,47
51-60,24,23,47
61-70,25,31,56
023 - CRANIOTOMY W MAJOR DEVICE IMPLANT OR ACUTE CNS PDX W MCC OR CHEMOTHE,131,166,297
1-10,21,16,37
11-20,21,31,52
21-30,18,26,44
31-40,14,22,36
41-50,21,24,45
51-60,16,22,38
61-70,20,25,45
"327 - STOMACH, ESOPHAGEAL & DUODENAL PROC W CC",137,145,282
1-10,19,17,36
11-20,19,17,36
21-30,26,23,49
31-40,19,26,45
41-50,19,24,43
51-60,13,18,31
61-70,22,20,42
862 - POSTOPERATIVE & POST-TRAUMATIC INFECTIONS W MCC,142,136,278
1-10,17,13,30
11-20,24,18,42
21-30,15,19,34
31-40,21,19,40
41-50,21,26,47
51-60,26,14,40
61-70,18,27,45
"326 - STOMACH, ESOPHAGEAL & DUODENAL PROC W MCC",145,128,273
1-10,18,17,35
11-20,14,15,29
21-30,18,19,37
31-40,19,10,29
41-50,28,22,50
51-60,28,18,46
61-70,20,27,47
"464 - WND DEBRID & SKN GRFT EXC HAND, FOR MUSCULO-CONN TISS DIS W CC",131,141,272
1-10,16,17,33
11-20,14,22,36
21-30,12,26,38
31-40,23,16,39
41-50,21,23,44
51-60,21,23,44
61-70,24,14,38
644 - ENDOCRINE DISORDERS W CC,147,124,271
1-10,20,17,37
11-20,17,21,38
21-30,22,17,39
31-40,21,14,35
41-50,28,16,44
51-60,20,20,40
61-70,19,19,38
"328 - STOMACH, ESOPHAGEAL & DUODENAL PROC W/O CC/MCC",138,131,269
1-10,26,13,39
11-20,14,21,35
21-30,20,13,33
31-40,19,17,36
41-50,22,19,41
51-60,18,21,39
61-70,19,27,46
433 - CIRRHOSIS & ALCOHOLIC HEPATITIS W CC,139,129,268
1-10,18,17,35
11-20,18,24,42
21-30,20,17,37
31-40,18,15,33
41-50,22,21,43
51-60,19,18,37
61-70,24,17,41
027 - CRANIOTOMY & ENDOVASCULAR INTRACRANIAL PROCEDURES W/O CC/MCC,145,122,267
1-10,20,12,32
11-20,19,23,42
21-30,22,20,42
31-40,23,17,40
41-50,23,19,42
51-60,18,17,35
61-70,20,14,34
"062 - ISCHEMIC STROKE, PRECEREBRAL OCCLUSION OR TRANSIENT ISCHEMIA W THROM",123,143,266
1-10,19,19,38
11-20,21,19,40
21-30,21,13,34
31-40,13,18,31
41-50,18,24,42
51-60,19,21,40
61-70,12,29,41
181 - RESPIRATORY NEOPLASMS W CC,111,151,262
1-10,13,17,30
11-20,16,24,40
21-30,17,28,45
31-40,15,28,43
41-50,20,13,33
51-60,8,24,32
61-70,22,17,39
395 - OTHER DIGESTIVE SYSTEM DIAGNOSES W/O CC/MCC,131,130,261
1-10,21,14,35
11-20,12,16,28
21-30,23,15,38
31-40,18,15,33
41-50,21,22,43
51-60,17,22,39
61-70,19,26,45
026 - CRANIOTOMY & ENDOVASCULAR INTRACRANIAL PROCEDURES W CC,132,123,255
1-10,22,14,36
11-20,23,19,42
21-30,16,11,27
31-40,19,17,36
41-50,22,17,39
51-60,18,25,43
61-70,12,20,32
203 - BRONCHITIS & ASTHMA W/O CC/MCC,125,127,252
1-10,13,17,30
11-20,20,27,47
21-30,22,18,40
31-40,15,18,33
41-50,15,25,40
51-60,22,10,32
61-70,18,12,30
864 - FEVER,122,124,246
1-10,23,22,45
11-20,13,22,35
21-30,12,16,28
31-40,17,8,25
41-50,20,20,40
51-60,17,15,32
61-70,20,21,41
863 - POSTOPERATIVE & POST-TRAUMATIC INFECTIONS W/O MCC,113,128,241
1-10,16,20,36
11-20,16,20,36
21-30,12,16,28
31-40,15,11,26
41-50,18,26,44
51-60,18,17,35
61-70,18,18,36
184 - MAJOR CHEST TRAUMA W CC,111,129,240
1-10,19,14,33
11-20,15,17,32
21-30,15,19,34
31-40,20,21,41
41-50,13,17,30
51-60,18,22,40
61-70,11,19,30
857 - POSTOPERATIVE OR POST-TRAUMATIC INFECTIONS W O.R. PROC W CC,119,119,238
1-10,20,14,34
11-20,15,18,33
21-30,17,15,32
31-40,15,24,39
41-50,18,14,32
51-60,14,19,33
61-70,20,15,35
374 - DIGESTIVE MALIGNANCY W MCC,120,117,237
1-10,14,15,29
11-20,17,14,31
21-30,13,20,33
31-40,20,21,41
41-50,21,16,37
51-60,20,15,35
61-70,15,16,31
103 - HEADACHES W/O MCC,117,119,236
1-10,16,15,31
11-20,19,16,35
21-30,15,18,33
31-40,17,18,35
41-50,18,19,37
51-60,16,15,31
61-70,16,18,34
"283 - ACUTE MYOCARDIAL INFARCTION, EXPIRED W MCC",113,121,234
1-10,8,16,24
11-20,18,11,29
21-30,15,12,27
31-40,14,19,33
41-50,15,19,34
51-60,19,25,44
61-70,24,19,43
947 - SIGNS & SYMPTOMS W MCC,112,119,231
1-10,11,19,30
11-20,10,16,26
21-30,19,20,39
31-40,25,20,45
41-50,14,18,32
51-60,18,15,33
61-70,15,11,26
165 - MAJOR CHEST PROCEDURES W/O CC/MCC,137,89,226
1-10,18,10,28
11-20,17,12,29
21-30,18,11,29
31-40,22,12,34
41-50,21,17,38
51-60,27,15,42
61-70,14,12,26
520 - BACK & NECK PROC EXC SPINAL FUSION W/O CC/MCC,104,117,221
1-10,12,17,29
11-20,23,19,42
21-30,20,14,34
31-40,13,18,31
41-50,10,16,26
51-60,10,16,26
61-70,16,17,33
273 - PERCUTANEOUS INTRACARDIAC PROCEDURES W MCC,114,105,219
1-10,17,20,37
11-20,15,11,26
21-30,15,12,27
31-40,17,13,30
41-50,22,16,38
51-60,13,21,34
61-70,15,12,27
840 - LYMPHOMA & NON-ACUTE LEUKEMIA W MCC,96,119,215
1-10,6,17,23
11-20,14,26,40
21-30,16,14,30
31-40,11,16,27
41-50,12,13,25
51-60,16,12,28
61-70,21,21,42
186 - PLEURAL EFFUSION W MCC,98,114,212
1-10,19,27,46
11-20,13,16,29
21-30,16,12,28
31-40,14,14,28
41-50,11,12,23
51-60,10,17,27
61-70,15,16,31
987 - NON-EXTENSIVE O.R. PROC UNRELATED TO PRINCIPAL DIAGNOSIS W MCC,112,97,209
1-10,16,9,25
11-20,18,14,32
21-30,13,12,25
31-40,14,13,27
41-50,16,12,28
51-60,22,17,39
61-70,13,20,33
639 - DIABETES W/O CC/MCC,99,109,208
1-10,16,14,30
11-20,13,11,24
21-30,18,15,33
31-40,15,18,33
41-50,9,17,26
51-60,13,16,29
61-70,15,18,33
519 - BACK & NECK PROC EXC SPINAL FUSION W CC,110,97,207
1-10,16,15,31
11-20,15,14,29
21-30,13,13,26
31-40,15,15,30
41-50,24,13,37
51-60,10,12,22
61-70,17,15,32
239 - AMPUTATION FOR CIRC SYS DISORDERS EXC UPPER LIMB & TOE W MCC,120,86,206
1-10,13,9,22
11-20,16,11,27
21-30,24,13,37
31-40,16,14,30
41-50,19,12,31
51-60,17,16,33
61-70,15,11,26
206 - OTHER RESPIRATORY SYSTEM DIAGNOSES W/O MCC,103,96,199
1-10,16,12,28
11-20,19,7,26
21-30,17,19,36
31-40,15,15,30
41-50,12,15,27
51-60,11,12,23
61-70,13,16,29
216 - CARDIAC VALVE & OTH MAJ CARDIOTHORACIC PROC W CARD CATH W MCC,94,104,198
1-10,16,14,30
11-20,9,21,30
21-30,13,12,25
31-40,17,14,31
41-50,16,17,33
51-60,12,13,25
61-70,11,13,24
153 - OTITIS MEDIA & URI W/O MCC,93,103,196
1-10,11,19,30
11-20,18,8,26
21-30,12,19,31
31-40,9,14,23
41-50,12,16,28
51-60,22,13,35
61-70,9,14,23
556 - SIGNS & SYMPTOMS OF MUSCULOSKELETAL SYSTEM & CONN TISSUE W/O MCC,97,99,196
1-10,17,17,34
11-20,9,10,19
21-30,19,15,34
31-40,15,20,35
41-50,10,11,21
51-60,14,13,27
61-70,13,13,26
643 - ENDOCRINE DISORDERS W MCC,88,105,193
1-10,15,20,35
11-20,15,19,34
21-30,11,16,27
31-40,18,12,30
41-50,9,10,19
51-60,10,10,20
61-70,10,18,28
"580 - OTHER SKIN, SUBCUT TISS & BREAST PROC W CC",101,92,193
1-10,13,15,28
11-20,24,17,41
21-30,7,11,18
31-40,17,12,29
41-50,15,14,29
51-60,11,12,23
61-70,14,11,25
301 - PERIPHERAL VASCULAR DISORDERS W/O CC/MCC,96,93,189
1-10,15,17,32
11-20,11,16,27
21-30,9,13,22
31-40,12,16,28
41-50,15,9,24
51-60,15,11,26
61-70,19,11,30
908 - OTHER O.R. PROCEDURES FOR INJURIES W CC,111,75,186
1-10,19,13,32
11-20,13,9,22
21-30,11,6,17
31-40,18,14,32
41-50,10,12,22
51-60,24,6,30
61-70,16,15,31
462 - BILATERAL OR MULTIPLE MAJOR JOINT PROCS OF LOWER EXTREMITY W/O MCC,80,106,186
1-10,8,11,19
11-20,10,13,23
21-30,19,17,36
31-40,11,17,28
41-50,14,18,32
51-60,10,14,24
61-70,8,16,24
200 - PNEUMOTHORAX W CC,92,91,183
1-10,10,12,22
11-20,11,7,18
21-30,17,8,25
31-40,13,15,28
41-50,7,19,26
51-60,16,15,31
61-70,18,15,33
896 - ALCOHOL/DRUG ABUSE OR DEPENDENCE W/O REHABILITATION THERAPY W MCC,84,98,182
1-10,13,18,31
11-20,15,17,32
21-30,14,12,26
31-40,14,14,28
41-50,8,6,14
51-60,13,18,31
61-70,7,13,20
249 - PERC CARDIOVASC PROC W NON-DRUG-ELUTING STENT W/O MCC,91,90,181
1-10,16,6,22
11-20,13,10,23
21-30,14,12,26
31-40,14,25,39
41-50,12,12,24
51-60,13,13,26
61-70,9,12,21
229 - OTHER CARDIOTHORACIC PROCEDURES W/O MCC,81,98,179
1-10,9,20,29
11-20,6,12,18
21-30,12,11,23
31-40,16,18,34
41-50,14,11,25
51-60,8,15,23
61-70,16,11,27
652 - KIDNEY TRANSPLANT,92,87,179
1-10,14,17,31
11-20,10,6,16
21-30,14,12,26
31-40,17,14,31
41-50,9,13,22
51-60,7,14,21
61-70,21,11,32
856 - POSTOPERATIVE OR POST-TRAUMATIC INFECTIONS W O.R. PROC W MCC,88,89,177
1-10,17,17,34
11-20,10,10,20
21-30,12,12,24
31-40,14,10,24
41-50,14,14,28
51-60,14,11,25
61-70,7,15,22
336 - PERITONEAL ADHESIOLYSIS W CC,82,92,174
1-10,8,11,19
11-20,12,12,24
21-30,9,16,25
31-40,16,16,32
41-50,16,15,31
51-60,17,14,31
61-70,4,8,12
"558 - TENDONITIS, MYOSITIS & BURSITIS W/O MCC",94,77,171
1-10,9,13,22
11-20,12,14,26
21-30,12,10,22
31-40,20,8,28
41-50,10,6,16
51-60,16,15,31
61-70,15,11,26
240 - AMPUTATION FOR CIRC SYS DISORDERS EXC UPPER LIMB & TOE W CC,86,79,165
1-10,10,13,23
11-20,14,9,23
21-30,12,17,29
31-40,16,9,25
41-50,12,11,23
51-60,11,11,22
61-70,11,9,20
454 - COMBINED ANTERIOR/POSTERIOR SPINAL FUSION W CC,86,77,163
1-10,13,15,28
11-20,15,11,26
21-30,9,11,20
31-40,6,11,17
41-50,13,13,26
51-60,13,6,19
61-70,17,10,27
657 - KIDNEY & URETER PROCEDURES FOR NEOPLASM W CC,76,82,158
1-10,11,9,20
11-20,17,13,30
21-30,8,13,21
31-40,10,15,25
41-50,15,8,23
51-60,10,9,19
61-70,5,15,20
204 - RESPIRATORY SIGNS & SYMPTOMS,67,89,156
1-10,8,13,21
11-20,11,8,19
21-30,12,15,27
31-40,9,13,22
41-50,8,14,22
51-60,8,11,19
61-70,11,15,26
386 - INFLAMMATORY BOWEL DISEASE W CC,70,84,154
1-10,12,8,20
11-20,13,16,29
21-30,5,10,15
31-40,9,15,24
41-50,8,8,16
51-60,10,16,26
61-70,13,11,24
841 - LYMPHOMA & NON-ACUTE LEUKEMIA W CC,76,75,151
1-10,7,14,21
11-20,10,8,18
21-30,10,10,20
31-40,15,13,28
41-50,12,7,19
51-60,14,7,21
61-70,8,16,24
907 - OTHER O.R. PROCEDURES FOR INJURIES W MCC,78,72,150
1-10,8,6,14
11-20,10,11,21
21-30,9,9,18
31-40,10,9,19
41-50,14,16,30
51-60,15,10,25
61-70,12,11,23
673 - OTHER KIDNEY & URINARY TRACT PROCEDURES W MCC,74,75,149
1-10,11,8,19
11-20,4,12,16
21-30,15,11,26
31-40,10,9,19
41-50,12,6,18
51-60,12,15,27
61-70,10,14,24
455 - COMBINED ANTERIOR/POSTERIOR SPINAL FUSION W/O CC/MCC,74,73,147
1-10,6,15,21
11-20,8,11,19
21-30,9,7,16
31-40,12,11,23
41-50,11,12,23
51-60,18,10,28
61-70,10,7,17
"083 - TRAUMATIC STUPOR & COMA, COMA >1 HR W CC",65,79,144
1-10,8,13,21
11-20,7,10,17
21-30,10,11,21
31-40,10,10,20
41-50,10,14,24
51-60,12,12,24
61-70,8,9,17
093 - OTHER DISORDERS OF NERVOUS SYSTEM W/O CC/MCC,64,78,142
1-10,4,7,11
11-20,6,18,24
21-30,13,13,26
31-40,15,8,23
41-50,6,16,22
51-60,11,6,17
61-70,9,10,19
881 - DEPRESSIVE NEUROSES,69,72,141
1-10,12,9,21
11-20,9,10,19
21-30,10,11,21
31-40,8,9,17
41-50,9,15,24
51-60,11,11,22
61-70,10,7,17
658 - KIDNEY & URETER PROCEDURES FOR NEOPLASM W/O CC/MCC,72,66,138
1-10,10,11,21
11-20,10,7,17
21-30,11,7,18
31-40,12,15,27
41-50,9,8,17
51-60,8,7,15
61-70,12,11,23
354 - HERNIA PROCEDURES EXCEPT INGUINAL & FEMORAL W CC,63,73,136
1-10,10,10,20
11-20,13,11,24
21-30,11,11,22
31-40,11,8,19
41-50,8,16,24
51-60,6,8,14
61-70,4,9,13
436 - MALIGNANCY OF HEPATOBILIARY SYSTEM OR PANCREAS W CC,67,68,135
1-10,8,7,15
11-20,11,12,23
21-30,10,9,19
31-40,11,8,19
41-50,11,8,19
51-60,7,17,24
61-70,9,7,16
356 - OTHER DIGESTIVE SYSTEM O.R. PROCEDURES W MCC,65,69,134
1-10,13,3,16
11-20,11,15,26
21-30,6,10,16
31-40,13,12,25
41-50,7,6,13
51-60,5,13,18
61-70,10,10,20
196 - INTERSTITIAL LUNG DISEASE W MCC,60,71,131
1-10,6,9,15
11-20,10,14,24
21-30,11,12,23
31-40,11,7,18
41-50,7,9,16
51-60,8,9,17
61-70,7,11,18
"406 - PANCREAS, LIVER & SHUNT PROCEDURES W CC",58,72,130
1-10,8,13,21
11-20,8,13,21
21-30,5,13,18
31-40,11,5,16
41-50,6,8,14
51-60,8,5,13
61-70,12,15,27
880 - ACUTE ADJUSTMENT REACTION & PSYCHOSOCIAL DYSFUNCTION,62,68,130
1-10,7,7,14
11-20,7,14,21
21-30,10,10,20
31-40,8,10,18
41-50,11,10,21
51-60,10,8,18
61-70,9,9,18
228 - OTHER CARDIOTHORACIC PROCEDURES W MCC,65,65,130
1-10,9,9,18
11-20,15,10,25
21-30,6,12,18
31-40,5,8,13
41-50,11,9,20
51-60,9,9,18
61-70,10,8,18
660 - KIDNEY & URETER PROCEDURES FOR NON-NEOPLASM W CC,73,55,128
1-10,9,5,14
11-20,12,13,25
21-30,12,4,16
31-40,7,15,22
41-50,10,7,17
51-60,13,7,20
61-70,10,4,14
459 - SPINAL FUSION EXCEPT CERVICAL W MCC,73,53,126
1-10,14,5,19
11-20,11,10,21
21-30,10,7,17
31-40,7,5,12
41-50,13,9,22
51-60,10,5,15
61-70,8,12,20
073 - CRANIAL & PERIPHERAL NERVE DISORDERS W MCC,63,62,125
1-10,3,6,9
11-20,11,7,18
21-30,7,13,20
31-40,10,8,18
41-50,7,11,18
51-60,13,8,21
61-70,12,9,21
478 - BIOPSIES OF MUSCULOSKELETAL SYSTEM & CONNECTIVE TISSUE W CC,59,66,125
1-10,11,7,18
11-20,8,11,19
21-30,10,10,20
31-40,3,11,14
41-50,9,10,19
51-60,10,9,19
61-70,8,8,16
227 - CARDIAC DEFIBRILLATOR IMPLANT W/O CARDIAC CATH W/O MCC,69,52,121
1-10,12,13,25
11-20,13,6,19
21-30,9,3,12
31-40,13,3,16
41-50,8,16,24
51-60,6,1,7
61-70,8,10,18
457 - SPINAL FUS EXC CERV W SPINAL CURV/MALIG/INFEC OR EXT FUS W CC,62,58,120
1-10,13,10,23
11-20,10,5,15
21-30,3,9,12
31-40,12,2,14
41-50,8,8,16
51-60,7,12,19
61-70,9,12,21
988 - NON-EXTENSIVE O.R. PROC UNRELATED TO PRINCIPAL DIAGNOSIS W CC,57,63,120
1-10,9,10,19
11-20,6,10,16
21-30,8,7,15
31-40,11,7,18
41-50,10,6,16
51-60,9,11,20
61-70,4,12,16
743 - UTERINE & ADNEXA PROC FOR NON-MALIGNANCY W/O CC/MCC,58,61,119
1-10,5,15,20
11-20,6,5,11
21-30,6,7,13
31-40,8,7,15
41-50,12,11,23
51-60,8,8,16
61-70,13,8,21
"082 - TRAUMATIC STUPOR & COMA, COMA >1 HR W MCC",58,60,118
1-10,6,14,20
11-20,13,9,22
21-30,10,10,20
31-40,9,6,15
41-50,11,7,18
51-60,6,6,12
61-70,3,8,11
041 - PERIPH/CRANIAL NERVE & OTHER NERV SYST PROC W CC OR PERIPH NEUROSTIM,55,60,115
1-10,10,10,20
11-20,5,9,14
21-30,10,9,19
31-40,12,11,23
41-50,7,11,18
51-60,4,6,10
61-70,7,4,11
707 - MAJOR MALE PELVIC PROCEDURES W CC/MCC,71,44,115
1-10,10,6,16
11-20,14,6,20
21-30,11,2,13
31-40,12,5,17
41-50,8,8,16
51-60,9,8,17
61-70,7,9,16
542 - PATHOLOGICAL FRACTURES & MUSCULOSKELET & CONN TISS MALIG W MCC,57,57,114
1-10,8,10,18
11-20,8,8,16
21-30,7,13,20
31-40,5,4,9
41-50,8,5,13
51-60,12,9,21
61-70,9,8,17
357 - OTHER DIGESTIVE SYSTEM O.R. PROCEDURES W CC,55,58,113
1-10,8,9,17
11-20,5,10,15
21-30,8,6,14
31-40,8,5,13
41-50,7,12,19
51-60,12,10,22
61-70,7,6,13
355 - HERNIA PROCEDURES EXCEPT INGUINAL & FEMORAL W/O CC/MCC,58,54,112
1-10,3,6,9
11-20,5,5,10
21-30,8,10,18
31-40,15,13,28
41-50,7,5,12
51-60,12,7,19
61-70,8,8,16
808 - MAJOR HEMATOL/IMMUN DIAG EXC SICKLE CELL CRISIS & COAGUL W MCC,51,60,111
1-10,2,13,15
11-20,9,13,22
21-30,7,4,11
31-40,5,10,15
41-50,10,9,19
51-60,9,5,14
61-70,9,6,15
205 - OTHER RESPIRATORY SYSTEM DIAGNOSES W MCC,59,48,107
1-10,11,6,17
11-20,9,3,12
21-30,5,11,16
31-40,6,6,12
41-50,16,9,25
51-60,3,5,8
61-70,9,8,17
"405 - PANCREAS, LIVER & SHUNT PROCEDURES W MCC",45,57,102
1-10,9,6,15
11-20,7,10,17
21-30,7,7,14
31-40,6,6,12
41-50,5,6,11
51-60,7,14,21
61-70,4,8,12
446 - DISORDERS OF THE BILIARY TRACT W/O CC/MCC,49,50,99
1-10,12,9,21
11-20,4,4,8
21-30,5,9,14
31-40,6,6,12
41-50,9,9,18
51-60,6,6,12
61-70,7,7,14
"894 - ALCOHOL/DRUG ABUSE OR DEPENDENCE, LEFT AMA",43,55,98
1-10,8,6,14
11-20,4,3,7
21-30,9,12,21
31-40,8,8,16
41-50,4,7,11
51-60,7,7,14
61-70,3,12,15
866 - VIRAL ILLNESS W/O MCC,45,49,94
1-10,6,7,13
11-20,4,4,8
21-30,7,6,13
31-40,3,10,13
41-50,6,6,12
51-60,11,3,14
61-70,8,13,21
187 - PLEURAL EFFUSION W CC,44,49,93
1-10,7,8,15
11-20,6,13,19
21-30,5,6,11
31-40,6,,6
41-50,10,4,14
51-60,3,7,10
61-70,7,11,18
"463 - WND DEBRID & SKN GRFT EXC HAND, FOR MUSCULO-CONN TISS DIS W MCC",51,42,93
1-10,5,4,9
11-20,11,7,18
21-30,10,5,15
31-40,5,3,8
41-50,5,4,9
51-60,9,10,19
61-70,6,9,15
"956 - LIMB REATTACHMENT, HIP & FEMUR PROC FOR MULTIPLE SIGNIFICANT TRAUMA",34,58,92
1-10,6,8,14
11-20,4,10,14
21-30,4,12,16
31-40,4,7,11
41-50,3,3,6
51-60,9,9,18
61-70,4,9,13
024 - CRANIO W MAJOR DEV IMPL/ACUTE COMPLEX CNS PDX W/O MCC,39,53,92
1-10,6,9,15
11-20,5,8,13
21-30,3,10,13
31-40,8,5,13
41-50,6,6,12
51-60,7,9,16
61-70,4,6,10
040 - PERIPH/CRANIAL NERVE & OTHER NERV SYST PROC W MCC,44,48,92
1-10,6,6,12
11-20,8,6,14
21-30,8,5,13
31-40,4,7,11
41-50,5,7,12
51-60,6,10,16
61-70,7,7,14
248 - PERC CARDIOVASC PROC W NON-DRUG-ELUTING STENT W MCC OR 4+ VES/STENTS,49,41,90
1-10,5,9,14
11-20,9,4,13
21-30,8,10,18
31-40,8,7,15
41-50,7,3,10
51-60,7,6,13
61-70,5,2,7
696 - KIDNEY & URINARY TRACT SIGNS & SYMPTOMS W/O MCC,44,46,90
1-10,5,6,11
11-20,6,3,9
21-30,2,5,7
31-40,12,9,21
41-50,6,4,10
51-60,3,8,11
61-70,10,11,21
535 - FRACTURES OF HIP & PELVIS W MCC,36,54,90
1-10,6,2,8
11-20,5,10,15
21-30,7,9,16
31-40,3,10,13
41-50,6,12,18
51-60,5,4,9
61-70,4,7,11
964 - OTHER MULTIPLE SIGNIFICANT TRAUMA W CC,52,33,85
1-10,8,4,12
11-20,10,4,14
21-30,6,5,11
31-40,4,2,6
41-50,9,8,17
51-60,8,7,15
61-70,7,3,10
565 - OTHER MUSCULOSKELETAL SYS & CONNECTIVE TISSUE DIAGNOSES W CC,45,37,82
1-10,7,7,14
11-20,8,2,10
21-30,7,7,14
31-40,3,3,6
41-50,5,6,11
51-60,7,5,12
61-70,8,7,15
001 - HEART TRANSPLANT OR IMPLANT OF HEART ASSIST SYSTEM W MCC,33,48,81
1-10,6,7,13
11-20,7,7,14
21-30,3,5,8
31-40,1,10,11
41-50,3,6,9
51-60,6,8,14
61-70,7,5,12
"492 - LOWER EXTREM & HUMER PROC EXCEPT HIP,FOOT,FEMUR W MCC",39,42,81
1-10,3,8,11
11-20,9,7,16
21-30,6,4,10
31-40,5,7,12
41-50,4,7,11
51-60,5,2,7
61-70,7,7,14
272 - OTHER MAJOR CARDIOVASCULAR PROCEDURES W/O CC/MCC,37,44,81
1-10,6,9,15
11-20,5,5,10
21-30,6,6,12
31-40,2,4,6
41-50,4,8,12
51-60,10,3,13
61-70,4,9,13
974 - HIV W MAJOR RELATED CONDITION W MCC,45,36,81
1-10,5,10,15
11-20,6,3,9
21-30,12,3,15
31-40,7,3,10
41-50,4,8,12
51-60,8,6,14
61-70,3,3,6
061 - ACUTE ISCHEMIC STROKE W USE OF THROMBOLYTIC AGENT W MCC,33,47,80
1-10,5,4,9
11-20,3,9,12
21-30,2,13,15
31-40,7,2,9
41-50,8,3,11
51-60,4,8,12
61-70,4,8,12
654 - MAJOR BLADDER PROCEDURES W CC,39,41,80
1-10,10,6,16
11-20,3,5,8
21-30,3,7,10
31-40,7,7,14
41-50,9,6,15
51-60,4,4,8
61-70,3,6,9
373 - MAJOR GASTROINTESTINAL DISORDERS & PERITONEAL INFECTIONS W/O CC/MCC,44,35,79
1-10,6,4,10
11-20,7,6,13
21-30,7,4,11
31-40,6,5,11
41-50,4,7,11
51-60,7,4,11
61-70,7,5,12
620 - O.R. PROCEDURES FOR OBESITY W CC,41,38,79
1-10,6,6,12
11-20,7,5,12
21-30,6,9,15
31-40,4,2,6
41-50,7,4,11
51-60,2,5,7
61-70,9,7,16
226 - CARDIAC DEFIBRILLATOR IMPLANT W/O CARDIAC CATH W MCC,47,32,79
1-10,8,3,11
11-20,4,1,5
21-30,6,6,12
31-40,5,3,8
41-50,5,5,10
51-60,13,7,20
61-70,6,7,13
895 - ALCOHOL/DRUG ABUSE OR DEPENDENCE W REHABILITATION THERAPY,39,40,79
1-10,5,9,14
11-20,8,5,13
21-30,9,4,13
31-40,5,7,12
41-50,3,5,8
51-60,5,7,12
61-70,4,3,7
742 - UTERINE & ADNEXA PROC FOR NON-MALIGNANCY W CC/MCC,44,34,78
1-10,9,6,15
11-20,8,5,13
21-30,7,2,9
31-40,6,4,10
41-50,5,6,11
51-60,5,4,9
61-70,4,7,11
251 - PERC CARDIOVASC PROC W/O CORONARY ARTERY STENT W/O MCC,36,42,78
1-10,11,8,19
11-20,1,1,2
21-30,4,8,12
31-40,3,7,10
41-50,9,6,15
51-60,4,9,13
61-70,4,3,7
036 - CAROTID ARTERY STENT PROCEDURE W/O CC/MCC,42,32,74
1-10,6,4,10
11-20,9,5,14
21-30,4,6,10
31-40,7,5,12
41-50,6,5,11
51-60,4,4,8
61-70,6,3,9
846 - CHEMOTHERAPY W/O ACUTE LEUKEMIA AS SECONDARY DIAGNOSIS W MCC,33,39,72
1-10,3,6,9
11-20,4,4,8
21-30,4,10,14
31-40,6,5,11
41-50,6,1,7
51-60,5,7,12
61-70,5,6,11
674 - OTHER KIDNEY & URINARY TRACT PROCEDURES W CC,37,34,71
1-10,8,5,13
11-20,1,4,5
21-30,4,8,12
31-40,10,5,15
41-50,7,6,13
51-60,3,2,5
61-70,4,4,8
515 - OTHER MUSCULOSKELET SYS & CONN TISS O.R. PROC W MCC,25,46,71
1-10,2,2,4
11-20,3,9,12
21-30,5,8,13
31-40,5,9,14
41-50,1,6,7
51-60,2,8,10
61-70,7,4,11
016 - AUTOLOGOUS BONE MARROW TRANSPLANT W CC/MCC,29,41,70
1-10,6,5,11
11-20,6,10,16
21-30,4,4,8
31-40,2,9,11
41-50,5,4,9
51-60,4,4,8
61-70,2,5,7
607 - MINOR SKIN DISORDERS W/O MCC,38,29,67
1-10,7,4,11
11-20,6,4,10
21-30,6,7,13
31-40,3,7,10
41-50,5,3,8
51-60,5,,5
61-70,6,4,10
029 - SPINAL PROCEDURES W CC OR SPINAL NEUROSTIMULATORS,32,35,67
1-10,2,4,6
11-20,2,4,6
21-30,6,5,11
31-40,6,5,11
41-50,6,3,9
51-60,1,8,9
61-70,9,6,15
215 - OTHER HEART ASSIST SYSTEM IMPLANT,32,35,67
1-10,4,1,5
11-20,4,8,12
21-30,6,1,7
31-40,4,10,14
41-50,6,8,14
51-60,3,4,7
61-70,5,3,8
381 - COMPLICATED PEPTIC ULCER W CC,26,40,66
1-10,5,9,14
11-20,3,3,6
21-30,4,6,10
31-40,2,4,6
41-50,4,5,9
51-60,5,6,11
61-70,3,7,10
183 - MAJOR CHEST TRAUMA W MCC,28,37,65
1-10,2,7,9
11-20,9,5,14
21-30,3,4,7
31-40,4,3,7
41-50,3,5,8
51-60,4,7,11
61-70,3,6,9
834 - ACUTE LEUKEMIA W/O MAJOR O.R. PROCEDURE W MCC,35,30,65
1-10,6,2,8
11-20,4,6,10
21-30,2,3,5
31-40,9,4,13
41-50,5,11,16
51-60,6,2,8
61-70,3,2,5
713 - TRANSURETHRAL PROSTATECTOMY W CC/MCC,29,32,61
1-10,7,6,13
11-20,2,2,4
21-30,8,5,13
31-40,1,4,5
41-50,1,3,4
51-60,5,6,11
61-70,5,6,11
179 - RESPIRATORY INFECTIONS & INFLAMMATIONS W/O CC/MCC,28,33,61
1-10,10,4,14
11-20,2,5,7
21-30,5,9,14
31-40,2,3,5
41-50,3,3,6
51-60,6,7,13
61-70,,2,2
"562 - FX, SPRN, STRN & DISL EXCEPT FEMUR, HIP, PELVIS & THIGH W MCC",27,32,59
1-10,3,2,5
11-20,4,5,9
21-30,4,5,9
31-40,5,6,11
41-50,4,7,11
51-60,4,4,8
61-70,3,3,6
221 - CARDIAC VALVE & OTH MAJ CARDIOTHORACIC PROC W/O CARD CATH W/O CC/MCC,35,24,59
1-10,10,1,11
11-20,4,4,8
21-30,1,6,7
31-40,2,2,4
41-50,5,3,8
51-60,9,6,15
61-70,4,2,6
268 - AORTIC AND HEART ASSIST PROCEDURES EXCEPT PULSATION BALLOON W MCC,29,29,58
1-10,1,3,4
11-20,5,2,7
21-30,1,5,6
31-40,5,4,9
41-50,3,5,8
51-60,6,5,11
61-70,8,5,13
571 - SKIN DEBRIDEMENT W CC,28,30,58
1-10,4,1,5
11-20,4,2,6
21-30,6,4,10
31-40,3,7,10
41-50,5,1,6
51-60,4,6,10
61-70,2,9,11
311 - ANGINA PECTORIS,26,31,57
1-10,6,5,11
11-20,7,4,11
21-30,1,3,4
31-40,3,5,8
41-50,4,6,10
51-60,2,5,7
61-70,3,3,6
"084 - TRAUMATIC STUPOR & COMA, COMA >1 HR W/O CC/MCC",36,20,56
1-10,3,2,5
11-20,5,3,8
21-30,4,4,8
31-40,5,1,6
41-50,9,4,13
51-60,7,6,13
61-70,3,,3
"623 - SKIN GRAFTS & WOUND DEBRID FOR ENDOC, NUTRIT & METAB DIS W CC",24,31,55
1-10,3,5,8
11-20,2,4,6
21-30,1,3,4
31-40,3,7,10
41-50,4,5,9
51-60,5,4,9
61-70,6,3,9
737 - UTERINE & ADNEXA PROC FOR OVARIAN OR ADNEXAL MALIGNANCY W CC,24,30,54
1-10,3,6,9
11-20,4,6,10
21-30,3,6,9
31-40,2,3,5
41-50,5,3,8
51-60,3,4,7
61-70,4,2,6
055 - NERVOUS SYSTEM NEOPLASMS W/O MCC,25,29,54
1-10,6,5,11
11-20,4,2,6
21-30,3,8,11
31-40,2,8,10
41-50,3,2,5
51-60,3,1,4
61-70,4,3,7
005 - LIVER TRANSPLANT W MCC OR INTESTINAL TRANSPLANT,22,31,53
1-10,6,5,11
11-20,1,5,6
21-30,4,7,11
31-40,4,7,11
41-50,2,4,6
51-60,2,1,3
61-70,3,2,5
"012 - TRACHEOSTOMY FOR FACE,MOUTH & NECK DIAGNOSES W CC",31,22,53
1-10,4,4,8
11-20,5,4,9
21-30,5,2,7
31-40,4,5,9
41-50,2,2,4
51-60,5,4,9
61-70,6,1,7
"465 - WND DEBRID & SKN GRFT EXC HAND, FOR MUSCULO-CONN TISS DIS W/O CC/MCC",27,24,51
1-10,4,3,7
11-20,1,1,2
21-30,6,4,10
31-40,2,4,6
41-50,3,6,9
51-60,6,3,9
61-70,5,3,8
129 - MAJOR HEAD & NECK PROCEDURES W CC/MCC OR MAJOR DEVICE,26,25,51
1-10,4,7,11
11-20,4,2,6
21-30,8,5,13
31-40,3,3,6
41-50,2,3,5
51-60,2,2,4
61-70,3,3,6
"629 - OTHER ENDOCRINE, NUTRIT & METAB O.R. PROC W CC",18,30,48
1-10,3,5,8
11-20,1,3,4
21-30,3,5,8
31-40,2,7,9
41-50,3,7,10
51-60,,1,1
61-70,6,2,8
775 - VAGINAL DELIVERY W/O COMPLICATING DIAGNOSES,25,23,48
1-10,8,5,13
11-20,4,3,7
21-30,2,4,6
31-40,1,2,3
41-50,5,7,12
51-60,1,1,2
61-70,4,1,5
"740 - UTERINE,ADNEXA PROC FOR NON-OVARIAN/ADNEXAL MALIG W CC",30,18,48
1-10,2,1,3
11-20,6,2,8
21-30,3,3,6
31-40,8,2,10
41-50,2,5,7
51-60,4,2,6
61-70,5,3,8
935 - NON-EXTENSIVE BURNS,21,26,47
1-10,2,5,7
11-20,2,2,4
21-30,3,3,6
31-40,3,4,7
41-50,1,6,7
51-60,9,4,13
61-70,1,2,3
471 - CERVICAL SPINAL FUSION W MCC,21,25,46
1-10,5,5,10
11-20,3,,3
21-30,2,3,5
31-40,4,4,8
41-50,2,5,7
51-60,,3,3
61-70,5,5,10
217 - CARDIAC VALVE & OTH MAJ CARDIOTHORACIC PROC W CARD CATH W CC,19,26,45
1-10,2,1,3
11-20,4,4,8
21-30,2,4,6
31-40,3,5,8
41-50,3,7,10
51-60,2,2,4
61-70,3,3,6
765 - CESAREAN SECTION W CC/MCC,20,25,45
1-10,4,3,7
11-20,1,7,8
21-30,2,4,6
31-40,4,,4
41-50,5,3,8
51-60,2,5,7
61-70,2,3,5
501 - SOFT TISSUE PROCEDURES W CC,22,22,44
1-10,4,2,6
11-20,2,6,8
21-30,4,4,8
31-40,3,1,4
41-50,4,3,7
51-60,1,2,3
61-70,4,4,8
659 - KIDNEY & URETER PROCEDURES FOR NON-NEOPLASM W MCC,22,22,44
1-10,3,2,5
11-20,3,3,6
21-30,2,2,4
31-40,5,3,8
41-50,2,6,8
51-60,4,4,8
61-70,3,2,5
037 - EXTRACRANIAL PROCEDURES W MCC,28,15,43
1-10,5,3,8
11-20,3,,3
21-30,3,3,6
31-40,2,3,5
41-50,7,3,10
51-60,2,3,5
61-70,6,,6
545 - CONNECTIVE TISSUE DISORDERS W MCC,19,24,43
1-10,,3,3
11-20,3,3,6
21-30,4,6,10
31-40,3,4,7
41-50,5,1,6
51-60,2,4,6
61-70,2,3,5
466 - REVISION OF HIP OR KNEE REPLACEMENT W MCC,20,23,43
1-10,2,4,6
11-20,2,5,7
21-30,7,2,9
31-40,3,2,5
41-50,1,2,3
51-60,3,4,7
61-70,2,4,6
033 - VENTRICULAR SHUNT PROCEDURES W/O CC/MCC,19,23,42
1-10,3,5,8
11-20,,2,2
21-30,5,,5
31-40,1,3,4
41-50,2,6,8
51-60,,3,3
61-70,8,4,12
199 - PNEUMOTHORAX W MCC,16,24,40
1-10,2,7,9
11-20,1,1,2
21-30,3,5,8
31-40,,3,3
41-50,1,2,3
51-60,3,4,7
61-70,6,2,8
"011 - TRACHEOSTOMY FOR FACE,MOUTH & NECK DIAGNOSES W MCC",19,20,39
1-10,1,5,6
11-20,4,4,8
21-30,2,,2
31-40,4,1,5
41-50,2,6,8
51-60,3,2,5
61-70,3,2,5
518 - BACK & NECK PROC EXC SPINAL FUSION W MCC OR DISC DEVICE/NEUROSTIM,24,15,39
1-10,3,1,4
11-20,5,3,8
21-30,3,1,4
31-40,2,5,7
41-50,2,1,3
51-60,6,3,9
61-70,3,1,4
"560 - AFTERCARE, MUSCULOSKELETAL SYSTEM & CONNECTIVE TISSUE W CC",15,23,38
1-10,2,3,5
11-20,1,4,5
21-30,3,4,7
41-50,3,5,8
51-60,1,4,5
61-70,5,3,8
781 - OTHER ANTEPARTUM DIAGNOSES W MEDICAL COMPLICATIONS,18,19,37
1-10,3,1,4
11-20,2,6,8
21-30,5,4,9
31-40,,3,3
41-50,2,1,3
51-60,4,2,6
61-70,2,2,4
837 - CHEMO W ACUTE LEUKEMIA AS SDX OR W HIGH DOSE CHEMO AGENT W MCC,26,11,37
1-10,3,1,4
11-20,5,2,7
21-30,1,1,2
31-40,7,2,9
41-50,1,,1
51-60,2,4,6
61-70,7,1,8
957 - OTHER O.R. PROCEDURES FOR MULTIPLE SIGNIFICANT TRAUMA W MCC,21,15,36
1-10,5,2,7
11-20,,2,2
21-30,5,3,8
31-40,3,1,4
41-50,3,4,7
51-60,2,2,4
61-70,3,1,4
035 - CAROTID ARTERY STENT PROCEDURE W CC,14,22,36
1-10,3,3,6
11-20,1,1,2
21-30,1,,1
31-40,3,3,6
41-50,1,5,6
51-60,3,6,9
61-70,2,4,6
656 - KIDNEY & URETER PROCEDURES FOR NEOPLASM W MCC,19,17,36
1-10,3,3,6
11-20,3,2,5
21-30,2,,2
31-40,6,4,10
41-50,1,3,4
51-60,2,1,3
61-70,2,4,6
570 - SKIN DEBRIDEMENT W MCC,23,12,35
1-10,7,2,9
11-20,1,3,4
21-30,3,,3
31-40,1,1,2
41-50,5,2,7
51-60,3,1,4
61-70,3,3,6
380 - COMPLICATED PEPTIC ULCER W MCC,17,18,35
1-10,2,3,5
11-20,6,3,9
21-30,1,2,3
31-40,3,2,5
41-50,1,5,6
51-60,1,2,3
61-70,3,1,4
"579 - OTHER SKIN, SUBCUT TISS & BREAST PROC W MCC",16,19,35
1-10,2,,2
21-30,4,4,8
31-40,3,3,6
41-50,3,3,6
51-60,1,5,6
61-70,3,4,7
"581 - OTHER SKIN, SUBCUT TISS & BREAST PROC W/O CC/MCC",11,24,35
1-10,2,2,4
11-20,2,4,6
21-30,,4,4
31-40,,2,2
41-50,,5,5
51-60,5,4,9
61-70,2,3,5
544 - PATHOLOGICAL FRACTURES & MUSCULOSKELET & CONN TISS MALIG W/O CC/MCC,16,19,35
1-10,2,1,3
11-20,2,5,7
21-30,3,2,5
31-40,,3,3
41-50,1,6,7
51-60,4,1,5
61-70,4,1,5
"407 - PANCREAS, LIVER & SHUNT PROCEDURES W/O CC/MCC",14,21,35
1-10,1,5,6
11-20,,1,1
21-30,3,3,6
31-40,3,2,5
41-50,4,5,9
51-60,2,3,5
61-70,1,2,3
168 - OTHER RESP SYSTEM O.R. PROCEDURES W/O CC/MCC,19,16,35
1-10,4,4,8
11-20,,2,2
21-30,2,1,3
31-40,3,3,6
41-50,4,1,5
51-60,2,,2
61-70,4,5,9
335 - PERITONEAL ADHESIOLYSIS W MCC,15,19,34
1-10,2,3,5
11-20,,3,3
21-30,4,4,8
31-40,2,2,4
41-50,4,,4
51-60,2,4,6
61-70,1,3,4
928 - FULL THICKNESS BURN W SKIN GRAFT OR INHAL INJ W CC/MCC,15,19,34
1-10,2,4,6
11-20,2,5,7
21-30,2,1,3
31-40,3,2,5
41-50,2,3,5
51-60,2,1,3
61-70,2,3,5
546 - CONNECTIVE TISSUE DISORDERS W CC,20,14,34
1-10,3,,3
11-20,2,3,5
21-30,1,1,2
31-40,2,1,3
41-50,6,3,9
51-60,1,5,6
61-70,5,1,6
882 - NEUROSES EXCEPT DEPRESSIVE,16,17,33
1-10,4,2,6
11-20,1,1,2
21-30,4,3,7
31-40,3,,3
41-50,2,5,7
51-60,1,4,5
61-70,1,2,3
306 - CARDIAC CONGENITAL & VALVULAR DISORDERS W MCC,18,15,33
1-10,2,3,5
11-20,3,2,5
21-30,3,2,5
31-40,2,3,5
41-50,1,4,5
51-60,3,,3
61-70,4,1,5
"741 - UTERINE,ADNEXA PROC FOR NON-OVARIAN/ADNEXAL MALIG W/O CC/MCC",19,13,32
1-10,3,2,5
11-20,2,1,3
21-30,4,1,5
31-40,2,1,3
41-50,3,2,5
51-60,3,4,7
61-70,2,2,4
261 - CARDIAC PACEMAKER REVISION EXCEPT DEVICE REPLACEMENT W CC,11,21,32
1-10,2,2,4
11-20,1,2,3
21-30,4,4,8
31-40,1,6,7
41-50,,4,4
51-60,1,1,2
61-70,2,2,4
014 - ALLOGENEIC BONE MARROW TRANSPLANT,14,17,31
1-10,3,2,5
11-20,,1,1
21-30,4,5,9
31-40,1,2,3
41-50,1,1,2
51-60,1,2,3
61-70,4,4,8
337 - PERITONEAL ADHESIOLYSIS W/O CC/MCC,16,14,30
1-10,1,1,2
11-20,2,3,5
21-30,,3,3
31-40,,5,5
41-50,6,,6
51-60,3,1,4
61-70,4,1,5
384 - UNCOMPLICATED PEPTIC ULCER W/O MCC,11,19,30
1-10,,4,4
11-20,3,3,6
21-30,,3,3
31-40,1,1,2
41-50,3,3,6
51-60,1,1,2
61-70,3,4,7
975 - HIV W MAJOR RELATED CONDITION W CC,11,19,30
1-10,1,1,2
11-20,3,3,6
21-30,3,2,5
31-40,2,3,5
41-50,,3,3
51-60,2,4,6
61-70,,3,3
963 - OTHER MULTIPLE SIGNIFICANT TRAUMA W MCC,13,16,29
1-10,1,1,2
11-20,3,2,5
21-30,2,5,7
31-40,5,2,7
41-50,2,2,4
51-60,,2,2
61-70,,2,2
068 - NONSPECIFIC CVA & PRECEREBRAL OCCLUSION W/O INFARCT W/O MCC,18,11,29
1-10,2,3,5
11-20,2,1,3
21-30,7,2,9
31-40,1,1,2
41-50,1,2,3
51-60,4,1,5
61-70,1,1,2
032 - VENTRICULAR SHUNT PROCEDURES W CC,14,15,29
1-10,3,,3
11-20,3,3,6
21-30,1,1,2
31-40,2,4,6
41-50,2,3,5
51-60,3,1,4
61-70,,3,3
456 - SPINAL FUS EXC CERV W SPINAL CURV/MALIG/INFEC OR EXT FUS W MCC,13,15,28
1-10,1,3,4
11-20,2,2,4
21-30,2,2,4
31-40,2,,2
41-50,2,1,3
51-60,1,4,5
61-70,3,3,6
152 - OTITIS MEDIA & URI W MCC,13,15,28
1-10,1,5,6
11-20,1,1,2
21-30,2,2,4
31-40,2,2,4
41-50,2,,2
51-60,3,1,4
61-70,2,4,6
302 - ATHEROSCLEROSIS W MCC,14,13,27
1-10,1,5,6
11-20,4,,4
21-30,2,2,4
31-40,2,4,6
41-50,1,1,2
51-60,1,1,2
61-70,3,,3
661 - KIDNEY & URETER PROCEDURES FOR NON-NEOPLASM W/O CC/MCC,12,14,26
1-10,1,3,4
11-20,2,1,3
21-30,2,3,5
31-40,2,1,3
41-50,2,4,6
51-60,2,,2
61-70,1,2,3
453 - COMBINED ANTERIOR/POSTERIOR SPINAL FUSION W MCC,15,11,26
1-10,2,1,3
11-20,4,2,6
21-30,2,2,4
31-40,4,1,5
51-60,2,2,4
61-70,1,3,4
250 - PERC CARDIOVASC PROC W/O CORONARY ARTERY STENT W MCC,11,14,25
1-10,3,2,5
11-20,1,2,3
21-30,,3,3
31-40,1,2,3
41-50,2,2,4
51-60,1,2,3
61-70,3,1,4
614 - ADRENAL & PITUITARY PROCEDURES W CC/MCC,16,9,25
1-10,,2,2
11-20,3,2,5
21-30,2,1,3
31-40,2,,2
41-50,4,3,7
51-60,3,,3
61-70,2,1,3
"296 - CARDIAC ARREST, UNEXPLAINED W MCC",14,10,24
1-10,2,,2
11-20,2,3,5
21-30,3,1,4
31-40,2,1,3
41-50,1,1,2
51-60,1,2,3
61-70,3,2,5
958 - OTHER O.R. PROCEDURES FOR MULTIPLE SIGNIFICANT TRAUMA W CC,15,9,24
1-10,1,,1
11-20,1,1,2
21-30,5,,5
31-40,3,,3
41-50,1,3,4
51-60,2,2,4
61-70,2,3,5
700 - OTHER KIDNEY & URINARY TRACT DIAGNOSES W/O CC/MCC,15,9,24
1-10,2,,2
11-20,4,1,5
21-30,1,3,4
31-40,2,1,3
41-50,2,1,3
51-60,2,1,3
61-70,2,2,4
072 - NONSPECIFIC CEREBROVASCULAR DISORDERS W/O CC/MCC,10,13,23
1-10,,3,3
11-20,5,,5
21-30,1,,1
31-40,1,5,6
41-50,1,2,3
51-60,1,2,3
61-70,1,1,2
477 - BIOPSIES OF MUSCULOSKELETAL SYSTEM & CONNECTIVE TISSUE W MCC,14,9,23
1-10,1,2,3
11-20,,1,1
21-30,3,1,4
31-40,2,1,3
41-50,3,1,4
51-60,2,2,4
61-70,3,1,4
316 - OTHER CIRCULATORY SYSTEM DIAGNOSES W/O CC/MCC,12,11,23
1-10,1,3,4
11-20,1,,1
21-30,4,1,5
31-40,1,,1
41-50,,2,2
51-60,4,4,8
61-70,1,1,2
592 - SKIN ULCERS W MCC,12,11,23
1-10,2,3,5
11-20,1,,1
21-30,2,1,3
31-40,,1,1
41-50,2,1,3
51-60,4,3,7
61-70,1,2,3
020 - INTRACRANIAL VASCULAR PROCEDURES W PDX HEMORRHAGE W MCC,9,14,23
1-10,2,3,5
11-20,1,3,4
21-30,,1,1
31-40,2,,2
41-50,2,2,4
51-60,2,4,6
61-70,,1,1
"155 - OTHER EAR, NOSE, MOUTH & THROAT DIAGNOSES W CC",8,14,22
1-10,,4,4
11-20,2,2,4
21-30,1,3,4
41-50,,1,1
51-60,4,3,7
61-70,1,1,2
007 - LUNG TRANSPLANT,12,10,22
1-10,1,2,3
11-20,,1,1
21-30,1,1,2
31-40,3,2,5
41-50,2,3,5
51-60,4,,4
61-70,1,1,2
185 - MAJOR CHEST TRAUMA W/O CC/MCC,9,12,21
1-10,,2,2
11-20,,4,4
21-30,3,1,4
31-40,1,1,2
41-50,2,2,4
51-60,2,,2
61-70,1,2,3
042 - PERIPH/CRANIAL NERVE & OTHER NERV SYST PROC W/O CC/MCC,10,11,21
1-10,3,3,6
11-20,2,1,3
21-30,2,1,3
31-40,1,1,2
41-50,1,1,2
51-60,1,3,4
61-70,,1,1
475 - AMPUTATION FOR MUSCULOSKELETAL SYS & CONN TISSUE DIS W CC,11,9,20
1-10,2,,2
11-20,1,2,3
21-30,1,3,4
31-40,2,2,4
41-50,2,,2
51-60,,1,1
61-70,3,1,4
260 - CARDIAC PACEMAKER REVISION EXCEPT DEVICE REPLACEMENT W MCC,7,13,20
1-10,1,2,3
11-20,1,,1
21-30,,1,1
31-40,2,4,6
51-60,,4,4
61-70,3,2,5
059 - MULTIPLE SCLEROSIS & CEREBELLAR ATAXIA W CC,9,11,20
1-10,3,2,5
21-30,,1,1
31-40,1,1,2
41-50,2,4,6
51-60,1,1,2
61-70,2,2,4
089 - CONCUSSION W CC,11,8,19
1-10,1,2,3
11-20,2,,2
31-40,3,1,4
41-50,3,2,5
51-60,,1,1
61-70,2,2,4
564 - OTHER MUSCULOSKELETAL SYS & CONNECTIVE TISSUE DIAGNOSES W MCC,10,9,19
1-10,2,1,3
11-20,1,2,3
21-30,1,2,3
31-40,1,2,3
41-50,2,,2
51-60,,2,2
61-70,3,,3
458 - SPINAL FUS EXC CERV W SPINAL CURV/MALIG/INFEC OR EXT FUS W/O CC/MCC,8,11,19
1-10,2,2,4
11-20,,1,1
21-30,1,2,3
41-50,2,1,3
51-60,1,3,4
61-70,2,2,4
130 - MAJOR HEAD & NECK PROCEDURES W/O CC/MCC,7,11,18
1-10,,2,2
11-20,1,1,2
21-30,2,1,3
31-40,1,1,2
41-50,1,,1
51-60,1,3,4
61-70,1,3,4
028 - SPINAL PROCEDURES W MCC,12,6,18
1-10,1,,1
11-20,4,,4
21-30,2,2,4
31-40,1,,1
41-50,3,,3
51-60,1,,1
61-70,,4,4
653 - MAJOR BLADDER PROCEDURES W MCC,10,8,18
1-10,2,1,3
11-20,,1,1
21-30,,2,2
31-40,3,2,5
41-50,1,2,3
51-60,3,,3
61-70,1,,1
883 - DISORDERS OF PERSONALITY & IMPULSE CONTROL,11,7,18
1-10,3,,3
11-20,2,1,3
21-30,1,1,2
31-40,,1,1
41-50,,1,1
51-60,2,1,3
61-70,3,2,5
823 - LYMPHOMA & NON-ACUTE LEUKEMIA W OTHER PROC W MCC,4,14,18
11-20,,3,3
21-30,1,2,3
31-40,2,3,5
41-50,,2,2
51-60,,2,2
61-70,1,2,3
474 - AMPUTATION FOR MUSCULOSKELETAL SYS & CONN TISSUE DIS W MCC,8,10,18
1-10,3,1,4
11-20,1,1,2
21-30,2,1,3
31-40,2,2,4
41-50,,3,3
61-70,,2,2
838 - CHEMO W ACUTE LEUKEMIA AS SDX W CC OR HIGH DOSE CHEMO AGENT,10,8,18
1-10,3,2,5
11-20,2,1,3
21-30,2,1,3
31-40,,2,2
41-50,,2,2
51-60,1,,1
61-70,2,,2
902 - WOUND DEBRIDEMENTS FOR INJURIES W CC,8,10,18
1-10,1,1,2
11-20,,1,1
21-30,2,,2
31-40,2,3,5
41-50,1,3,4
51-60,,2,2
61-70,2,,2
307 - CARDIAC CONGENITAL & VALVULAR DISORDERS W/O MCC,14,4,18
1-10,6,1,7
11-20,1,,1
21-30,1,,1
31-40,2,1,3
41-50,1,,1
51-60,1,1,2
61-70,2,1,3
949 - AFTERCARE W CC/MCC,6,11,17
1-10,1,2,3
11-20,1,1,2
21-30,3,,3
31-40,,2,2
41-50,1,1,2
61-70,,5,5
245 - AICD GENERATOR PROCEDURES,7,10,17
1-10,2,1,3
11-20,,3,3
21-30,,1,1
31-40,,2,2
41-50,3,1,4
51-60,2,1,3
61-70,,1,1
824 - LYMPHOMA & NON-ACUTE LEUKEMIA W OTHER O.R. PROC W CC,8,8,16
11-20,5,2,7
21-30,,1,1
31-40,1,,1
41-50,,2,2
51-60,1,1,2
61-70,1,2,3
645 - ENDOCRINE DISORDERS W/O CC/MCC,10,6,16
1-10,4,,4
31-40,1,4,5
41-50,1,1,2
51-60,1,,1
61-70,3,1,4
"734 - PELVIC EVISCERATION, RAD HYSTERECTOMY & RAD VULVECTOMY W CC/MCC",7,9,16
11-20,1,2,3
21-30,2,1,3
31-40,1,3,4
41-50,2,1,3
51-60,1,1,2
61-70,,1,1
655 - MAJOR BLADDER PROCEDURES W/O CC/MCC,8,8,16
1-10,2,1,3
11-20,,1,1
21-30,1,2,3
31-40,3,,3
51-60,1,2,3
61-70,1,2,3
125 - OTHER DISORDERS OF THE EYE W/O MCC,8,8,16
1-10,,3,3
11-20,1,1,2
21-30,,1,1
31-40,3,,3
41-50,,1,1
51-60,3,1,4
61-70,1,1,2
197 - INTERSTITIAL LUNG DISEASE W CC,7,9,16
1-10,1,2,3
11-20,1,2,3
21-30,1,1,2
31-40,2,1,3
41-50,1,,1
51-60,,1,1
61-70,1,2,3
916 - ALLERGIC REACTIONS W/O MCC,9,7,16
1-10,1,1,2
11-20,2,,2
21-30,1,1,2
31-40,1,1,2
41-50,3,3,6
51-60,,1,1
61-70,1,,1
868 - OTHER INFECTIOUS & PARASITIC DISEASES DIAGNOSES W CC,6,10,16
1-10,1,,1
11-20,1,2,3
21-30,,2,2
31-40,,2,2
41-50,1,2,3
51-60,2,2,4
61-70,1,,1
"133 - OTHER EAR, NOSE, MOUTH & THROAT O.R. PROCEDURES W CC/MCC",9,6,15
1-10,1,1,2
11-20,2,,2
21-30,1,,1
31-40,1,1,2
41-50,1,2,3
51-60,1,1,2
61-70,2,1,3
123 - NEUROLOGICAL EYE DISORDERS,7,8,15
1-10,,2,2
11-20,1,3,4
21-30,2,,2
41-50,1,1,2
51-60,2,2,4
61-70,1,,1
"628 - OTHER ENDOCRINE, NUTRIT & METAB O.R. PROC W MCC",7,8,15
1-10,1,1,2
11-20,,1,1
21-30,,1,1
31-40,2,2,4
41-50,2,,2
51-60,1,,1
61-70,1,3,4
158 - DENTAL & ORAL DISEASES W CC,9,5,14
1-10,3,3,6
11-20,1,,1
21-30,1,,1
31-40,1,1,2
51-60,,1,1
61-70,3,,3
983 - EXTENSIVE O.R. PROCEDURE UNRELATED TO PRINCIPAL DIAGNOSIS W/O CC/MCC,6,8,14
1-10,2,2,4
11-20,1,1,2
21-30,1,,1
31-40,,2,2
51-60,1,2,3
61-70,1,1,2
060 - MULTIPLE SCLEROSIS & CEREBELLAR ATAXIA W/O CC/MCC,6,8,14
1-10,1,3,4
11-20,,1,1
21-30,3,,3
31-40,1,1,2
41-50,,2,2
51-60,1,,1
61-70,,1,1
839 - CHEMO W ACUTE LEUKEMIA AS SDX W/O CC/MCC,5,9,14
1-10,2,1,3
11-20,,4,4
21-30,1,1,2
31-40,,1,1
41-50,,2,2
51-60,1,,1
61-70,1,,1
829 - MYELOPROLIFERATIVE DISORDERS OR POORLY DIFFERENTIATED NEOPLASMS W OT,4,10,14
1-10,1,2,3
11-20,1,,1
21-30,1,,1
31-40,,3,3
51-60,,1,1
61-70,1,4,5
827 - MYELOPROLIF DISORD OR POORLY DIFF NEOPL W MAJ O.R. PROC W CC,10,4,14
1-10,1,2,3
21-30,1,,1
31-40,3,,3
41-50,3,1,4
51-60,1,1,2
61-70,1,,1
865 - VIRAL ILLNESS W MCC,8,5,13
1-10,4,2,6
11-20,,2,2
21-30,2,,2
31-40,1,,1
41-50,,1,1
51-60,1,,1
748 - FEMALE REPRODUCTIVE SYSTEM RECONSTRUCTIVE PROCEDURES,5,8,13
1-10,1,3,4
21-30,1,1,2
31-40,1,,1
41-50,,2,2
51-60,2,1,3
61-70,,1,1
353 - HERNIA PROCEDURES EXCEPT INGUINAL & FEMORAL W MCC,6,7,13
1-10,2,1,3
11-20,1,2,3
31-40,1,2,3
41-50,1,1,2
51-60,1,1,2
539 - OSTEOMYELITIS W MCC,7,6,13
1-10,1,1,2
21-30,4,,4
31-40,,2,2
41-50,1,1,2
51-60,,2,2
61-70,1,,1
"747 - VAGINA, CERVIX & VULVA PROCEDURES W/O CC/MCC",3,9,12
1-10,,2,2
11-20,1,,1
31-40,,3,3
41-50,1,1,2
51-60,,1,1
61-70,1,2,3
728 - INFLAMMATION OF THE MALE REPRODUCTIVE SYSTEM W/O MCC,7,5,12
1-10,,1,1
11-20,,2,2
21-30,2,,2
31-40,2,,2
41-50,1,1,2
51-60,2,1,3
"755 - MALIGNANCY, FEMALE REPRODUCTIVE SYSTEM W CC",4,8,12
1-10,,2,2
11-20,1,1,2
31-40,,1,1
41-50,1,1,2
51-60,,1,1
61-70,2,2,4
596 - MAJOR SKIN DISORDERS W/O MCC,9,3,12
1-10,2,1,3
11-20,2,,2
21-30,3,1,4
31-40,,1,1
41-50,1,,1
51-60,1,,1
502 - SOFT TISSUE PROCEDURES W/O CC/MCC,7,4,11
1-10,1,,1
21-30,1,1,2
31-40,1,2,3
41-50,2,,2
51-60,1,,1
61-70,1,1,2
351 - INGUINAL & FEMORAL HERNIA PROCEDURES W CC,5,6,11
1-10,1,1,2
11-20,,2,2
21-30,1,2,3
31-40,1,,1
41-50,1,,1
51-60,1,,1
61-70,,1,1
909 - OTHER O.R. PROCEDURES FOR INJURIES W/O CC/MCC,5,6,11
1-10,2,1,3
11-20,1,1,2
21-30,1,1,2
31-40,,1,1
41-50,1,1,2
51-60,,1,1
"443 - DISORDERS OF LIVER EXCEPT MALIG,CIRR,ALC HEPA W/O CC/MCC",6,4,10
11-20,1,,1
21-30,1,,1
31-40,,3,3
41-50,1,,1
51-60,,1,1
61-70,3,,3
867 - OTHER INFECTIOUS & PARASITIC DISEASES DIAGNOSES W MCC,2,8,10
1-10,,3,3
11-20,1,3,4
21-30,,1,1
41-50,1,,1
61-70,,1,1
"627 - THYROID, PARATHYROID & THYROGLOSSAL PROCEDURES W/O CC/MCC",3,7,10
21-30,,4,4
31-40,,1,1
41-50,2,,2
51-60,,2,2
61-70,1,,1
"561 - AFTERCARE, MUSCULOSKELETAL SYSTEM & CONNECTIVE TISSUE W/O CC/MCC",6,4,10
1-10,,1,1
11-20,1,,1
21-30,1,1,2
41-50,2,,2
51-60,1,1,2
61-70,1,1,2
006 - LIVER TRANSPLANT W/O MCC,5,5,10
1-10,2,2,4
11-20,1,,1
21-30,1,,1
41-50,,2,2
61-70,1,1,2
945 - REHABILITATION W CC/MCC,6,4,10
1-10,1,2,3
11-20,2,,2
41-50,1,1,2
51-60,1,1,2
61-70,1,,1
479 - BIOPSIES OF MUSCULOSKELETAL SYSTEM & CONNECTIVE TISSUE W/O CC/MCC,5,5,10
11-20,,1,1
21-30,1,1,2
31-40,2,1,3
41-50,1,1,2
61-70,1,1,2
921 - COMPLICATIONS OF TREATMENT W/O CC/MCC,3,7,10
1-10,1,,1
11-20,,1,1
21-30,1,1,2
51-60,,1,1
61-70,1,4,5
385 - INFLAMMATORY BOWEL DISEASE W MCC,5,4,9
1-10,1,1,2
21-30,1,1,2
31-40,1,1,2
41-50,1,,1
61-70,1,1,2
030 - SPINAL PROCEDURES W/O CC/MCC,2,7,9
11-20,2,1,3
31-40,,2,2
41-50,,1,1
51-60,,2,2
61-70,,1,1
415 - CHOLECYSTECTOMY EXCEPT BY LAPAROSCOPE W/O C.D.E. W CC,5,4,9
1-10,1,1,2
21-30,,2,2
51-60,,1,1
61-70,4,,4
573 - SKIN GRAFT FOR SKIN ULCER OR CELLULITIS W MCC,,9,9
1-10,,1,1
11-20,,1,1
31-40,,2,2
41-50,,3,3
51-60,,1,1
61-70,,1,1
489 - KNEE PROCEDURES W/O PDX OF INFECTION W/O CC/MCC,4,5,9
1-10,3,,3
21-30,,1,1
31-40,1,,1
41-50,,2,2
51-60,,2,2
345 - MINOR SMALL & LARGE BOWEL PROCEDURES W CC,4,5,9
1-10,,2,2
21-30,1,,1
41-50,1,1,2
51-60,2,2,4
714 - TRANSURETHRAL PROSTATECTOMY W/O CC/MCC,5,4,9
1-10,1,3,4
11-20,1,1,2
31-40,1,,1
41-50,2,,2
"604 - TRAUMA TO THE SKIN, SUBCUT TISS & BREAST W MCC",3,6,9
11-20,,1,1
21-30,1,2,3
31-40,,1,1
41-50,2,1,3
51-60,,1,1
008 - SIMULTANEOUS PANCREAS/KIDNEY TRANSPLANT,5,3,8
11-20,1,2,3
21-30,1,,1
31-40,,1,1
41-50,1,,1
51-60,2,,2
822 - LYMPHOMA & LEUKEMIA W MAJOR O.R. PROCEDURE W/O CC/MCC,3,5,8
1-10,2,,2
11-20,,1,1
31-40,,2,2
41-50,1,2,3
835 - ACUTE LEUKEMIA W/O MAJOR O.R. PROCEDURE W CC,6,2,8
1-10,1,,1
11-20,1,,1
21-30,,1,1
31-40,1,,1
41-50,1,1,2
51-60,2,,2
369 - MAJOR ESOPHAGEAL DISORDERS W CC,6,2,8
1-10,1,,1
11-20,2,,2
51-60,2,2,4
61-70,1,,1
131 - CRANIAL/FACIAL PROCEDURES W CC/MCC,6,2,8
1-10,1,1,2
11-20,2,,2
21-30,,1,1
41-50,1,,1
61-70,2,,2
577 - SKIN GRAFT EXC FOR SKIN ULCER OR CELLULITIS W CC,1,7,8
1-10,1,2,3
11-20,,3,3
31-40,,1,1
41-50,,1,1
488 - KNEE PROCEDURES W/O PDX OF INFECTION W CC/MCC,4,4,8
1-10,,1,1
11-20,2,2,4
31-40,,1,1
51-60,1,,1
61-70,1,,1
387 - INFLAMMATORY BOWEL DISEASE W/O CC/MCC,5,3,8
1-10,1,1,2
41-50,1,1,2
51-60,2,,2
61-70,1,1,2
553 - BONE DISEASES & ARTHROPATHIES W MCC,2,6,8
1-10,1,,1
21-30,,2,2
31-40,1,,1
41-50,,2,2
51-60,,1,1
61-70,,1,1
914 - TRAUMATIC INJURY W/O MCC,5,3,8
1-10,1,,1
11-20,2,1,3
21-30,1,,1
41-50,,1,1
51-60,1,1,2
555 - SIGNS & SYMPTOMS OF MUSCULOSKELETAL SYSTEM & CONN TISSUE W MCC,3,4,7
1-10,,1,1
21-30,1,1,2
31-40,1,,1
41-50,1,,1
51-60,,1,1
61-70,,1,1
946 - REHABILITATION W/O CC/MCC,4,3,7
1-10,1,,1
11-20,,2,2
21-30,2,,2
31-40,,1,1
61-70,1,,1
977 - HIV W OR W/O OTHER RELATED CONDITION,5,2,7
11-20,2,,2
21-30,,1,1
31-40,1,,1
51-60,1,1,2
61-70,1,,1
115 - EXTRAOCULAR PROCEDURES EXCEPT ORBIT,3,4,7
11-20,1,1,2
21-30,1,1,2
31-40,1,,1
51-60,,1,1
61-70,,1,1
352 - INGUINAL & FEMORAL HERNIA PROCEDURES W/O CC/MCC,4,3,7
11-20,2,1,3
31-40,1,1,2
61-70,1,1,2
078 - HYPERTENSIVE ENCEPHALOPATHY W CC,4,3,7
1-10,,1,1
11-20,1,,1
31-40,2,,2
41-50,,1,1
51-60,1,,1
61-70,,1,1
642 - INBORN AND OTHER DISORDERS OF METABOLISM,1,6,7
1-10,,2,2
11-20,,2,2
41-50,,1,1
61-70,1,1,2
"134 - OTHER EAR, NOSE, MOUTH & THROAT O.R. PROCEDURES W/O CC/MCC",5,1,6
11-20,1,,1
21-30,2,,2
31-40,1,,1
41-50,1,,1
61-70,,1,1
"559 - AFTERCARE, MUSCULOSKELETAL SYSTEM & CONNECTIVE TISSUE W MCC",3,3,6
31-40,2,,2
41-50,,3,3
51-60,1,,1
821 - LYMPHOMA & LEUKEMIA W MAJOR O.R. PROCEDURE W CC,3,3,6
1-10,2,,2
21-30,,2,2
51-60,1,1,2
843 - OTHER MYELOPROLIF DIS OR POORLY DIFF NEOPL DIAG W MCC,3,3,6
21-30,1,1,2
31-40,1,,1
41-50,,1,1
51-60,,1,1
61-70,1,,1
615 - ADRENAL & PITUITARY PROCEDURES W/O CC/MCC,1,5,6
1-10,,3,3
11-20,1,,1
31-40,,1,1
61-70,,1,1
"511 - SHOULDER,ELBOW OR FOREARM PROC,EXC MAJOR JOINT PROC W CC",2,4,6
1-10,1,,1
11-20,,3,3
31-40,1,,1
41-50,,1,1
500 - SOFT TISSUE PROCEDURES W MCC,2,4,6
1-10,1,1,2
21-30,,2,2
31-40,1,1,2
496 - LOCAL EXCISION & REMOVAL INT FIX DEVICES EXC HIP & FEMUR W CC,1,5,6
21-30,,2,2
31-40,1,2,3
51-60,,1,1
668 - TRANSURETHRAL PROCEDURES W MCC,3,3,6
11-20,1,1,2
31-40,,1,1
41-50,1,1,2
51-60,1,,1
"013 - TRACHEOSTOMY FOR FACE,MOUTH & NECK DIAGNOSES W/O CC/MCC",4,2,6
1-10,,1,1
11-20,1,,1
21-30,1,,1
31-40,1,,1
51-60,1,1,2
"557 - TENDONITIS, MYOSITIS & BURSITIS W MCC",,5,5
1-10,,1,1
11-20,,3,3
61-70,,1,1
670 - TRANSURETHRAL PROCEDURES W/O CC/MCC,2,3,5
1-10,,1,1
21-30,,1,1
41-50,1,,1
51-60,,1,1
61-70,1,,1
224 - CARDIAC DEFIB IMPLANT W CARDIAC CATH W/O AMI/HF/SHOCK W MCC,3,2,5
1-10,2,,2
31-40,1,1,2
61-70,,1,1
815 - RETICULOENDOTHELIAL & IMMUNITY DISORDERS W CC,3,2,5
31-40,1,,1
51-60,1,,1
61-70,1,2,3
151 - EPISTAXIS W/O MCC,3,2,5
1-10,1,,1
21-30,,1,1
31-40,1,,1
41-50,1,1,2
606 - MINOR SKIN DISORDERS W MCC,2,2,4
1-10,1,,1
31-40,1,2,3
368 - MAJOR ESOPHAGEAL DISORDERS W MCC,4,,4
11-20,1,,1
21-30,1,,1
31-40,1,,1
61-70,1,,1
540 - OSTEOMYELITIS W CC,2,2,4
11-20,1,,1
41-50,1,,1
61-70,,2,2
031 - VENTRICULAR SHUNT PROCEDURES W MCC,2,2,4
31-40,,1,1
51-60,1,,1
61-70,1,1,2
940 - O.R. PROC W DIAGNOSES OF OTHER CONTACT W HEALTH SERVICES W CC,1,3,4
41-50,,1,1
51-60,1,1,2
61-70,,1,1
619 - O.R. PROCEDURES FOR OBESITY W MCC,2,2,4
11-20,1,,1
41-50,,1,1
61-70,1,1,2
097 - NON-BACTERIAL INFECT OF NERVOUS SYS EXC VIRAL MENINGITIS W MCC,2,2,4
31-40,1,1,2
41-50,,1,1
61-70,1,,1
929 - FULL THICKNESS BURN W SKIN GRAFT OR INHAL INJ W/O CC/MCC,3,1,4
11-20,1,1,2
31-40,1,,1
51-60,1,,1
504 - FOOT PROCEDURES W CC,3,1,4
1-10,,1,1
31-40,1,,1
51-60,1,,1
61-70,1,,1
726 - BENIGN PROSTATIC HYPERTROPHY W/O MCC,2,2,4
1-10,,1,1
21-30,1,1,2
31-40,1,,1
"626 - THYROID, PARATHYROID & THYROGLOSSAL PROCEDURES W CC",1,3,4
1-10,1,,1
11-20,,2,2
21-30,,1,1
574 - SKIN GRAFT FOR SKIN ULCER OR CELLULITIS W CC,,3,3
11-20,,1,1
21-30,,1,1
51-60,,1,1
578 - SKIN GRAFT EXC FOR SKIN ULCER OR CELLULITIS W/O CC/MCC,1,2,3
21-30,1,,1
31-40,,1,1
51-60,,1,1
063 - ACUTE ISCHEMIC STROKE W USE OF THROMBOLYTIC AGENT W/O CC/MCC,1,2,3
21-30,1,1,2
51-60,,1,1
989 - NON-EXTENSIVE O.R. PROC UNRELATED TO PRINCIPAL DIAGNOSIS W/O CC/MCC,1,2,3
11-20,1,1,2
61-70,,1,1
842 - LYMPHOMA & NON-ACUTE LEUKEMIA W/O CC/MCC,2,1,3
21-30,1,,1
41-50,1,,1
51-60,,1,1
"513 - HAND OR WRIST PROC, EXCEPT MAJOR THUMB OR JOINT PROC W CC/MCC",2,1,3
1-10,1,,1
31-40,1,,1
51-60,,1,1
090 - CONCUSSION W/O CC/MCC,,3,3
21-30,,1,1
31-40,,1,1
61-70,,1,1
497 - LOCAL EXCISION & REMOVAL INT FIX DEVICES EXC HIP & FEMUR W/O CC/MCC,2,1,3
51-60,1,1,2
61-70,1,,1
340 - APPENDECTOMY W COMPLICATED PRINCIPAL DIAG W/O CC/MCC,2,1,3
1-10,,1,1
21-30,2,,2
486 - KNEE PROCEDURES W PDX OF INFECTION W CC,2,1,3
11-20,1,,1
41-50,,1,1
51-60,1,,1
262 - CARDIAC PACEMAKER REVISION EXCEPT DEVICE REPLACEMENT W/O CC/MCC,1,2,3
1-10,,1,1
41-50,1,,1
51-60,,1,1
687 - KIDNEY & URINARY TRACT NEOPLASMS W CC,2,1,3
41-50,,1,1
61-70,2,,2
"746 - VAGINA, CERVIX & VULVA PROCEDURES W CC/MCC",2,1,3
1-10,1,,1
31-40,,1,1
41-50,1,,1
774 - VAGINAL DELIVERY W COMPLICATING DIAGNOSES,1,2,3
1-10,,1,1
11-20,1,,1
51-60,,1,1
"735 - PELVIC EVISCERATION, RAD HYSTERECTOMY & RAD VULVECTOMY W/O CC/MCC",2,1,3
1-10,,1,1
31-40,2,,2
157 - DENTAL & ORAL DISEASES W MCC,,3,3
11-20,,2,2
21-30,,1,1
"616 - AMPUTAT OF LOWER LIMB FOR ENDOCRINE,NUTRIT,& METABOL DIS W MCC",2,1,3
1-10,1,1,2
51-60,1,,1
593 - SKIN ULCERS W CC,1,2,3
11-20,1,,1
41-50,,1,1
51-60,,1,1
820 - LYMPHOMA & LEUKEMIA W MAJOR O.R. PROCEDURE W MCC,3,,3
1-10,1,,1
41-50,2,,2
950 - AFTERCARE W/O CC/MCC,1,2,3
11-20,1,,1
51-60,,1,1
61-70,,1,1
844 - OTHER MYELOPROLIF DIS OR POORLY DIFF NEOPL DIAG W CC,2,,2
11-20,1,,1
61-70,1,,1
343 - APPENDECTOMY W/O COMPLICATED PRINCIPAL DIAG W/O CC/MCC,,2,2
11-20,,1,1
41-50,,1,1
225 - CARDIAC DEFIB IMPLANT W CARDIAC CATH W/O AMI/HF/SHOCK W/O MCC,1,1,2
11-20,,1,1
51-60,1,,1
420 - HEPATOBILIARY DIAGNOSTIC PROCEDURES W MCC,,2,2
11-20,,1,1
41-50,,1,1
887 - OTHER MENTAL DISORDER DIAGNOSES,1,1,2
1-10,1,,1
41-50,,1,1
139 - SALIVARY GLAND PROCEDURES,,2,2
1-10,,2,2
693 - URINARY STONES W/O ESW LITHOTRIPSY W MCC,1,1,2
1-10,,1,1
21-30,1,,1
017 - AUTOLOGOUS BONE MARROW TRANSPLANT W/O CC/MCC,1,1,2
21-30,1,,1
51-60,,1,1
339 - APPENDECTOMY W COMPLICATED PRINCIPAL DIAG W CC,2,,2
1-10,1,,1
31-40,1,,1
"754 - MALIGNANCY, FEMALE REPRODUCTIVE SYSTEM W MCC",1,1,2
11-20,,1,1
21-30,1,,1
416 - CHOLECYSTECTOMY EXCEPT BY LAPAROSCOPE W/O C.D.E. W/O CC/MCC,,2,2
31-40,,1,1
61-70,,1,1
255 - UPPER LIMB & TOE AMPUTATION FOR CIRC SYSTEM DISORDERS W MCC,1,1,2
41-50,,1,1
51-60,1,,1
259 - CARDIAC PACEMAKER DEVICE REPLACEMENT W/O MCC,1,1,2
11-20,1,,1
61-70,,1,1
934 - FULL THICKNESS BURN W/O SKIN GRFT OR INHAL INJ,2,,2
31-40,1,,1
61-70,1,,1
717 - OTHER MALE REPRODUCTIVE SYSTEM O.R. PROC EXC MALIGNANCY W CC/MCC,,2,2
1-10,,2,2
849 - RADIOTHERAPY,,2,2
11-20,,1,1
31-40,,1,1
222 - CARDIAC DEFIB IMPLANT W CARDIAC CATH W AMI/HF/SHOCK W MCC,1,1,2
31-40,1,,1
61-70,,1,1
"154 - OTHER EAR, NOSE, MOUTH & THROAT DIAGNOSES W MCC",1,1,2
1-10,1,1,2
137 - MOUTH PROCEDURES W CC/MCC,1,,1
41-50,1,,1
114 - ORBITAL PROCEDURES W/O CC/MCC,1,,1
31-40,1,,1
498 - LOCAL EXCISION & REMOVAL INT FIX DEVICES OF HIP & FEMUR W CC/MCC,1,,1
1-10,1,,1
117 - INTRAOCULAR PROCEDURES W/O CC/MCC,,1,1
41-50,,1,1
348 - ANAL & STOMAL PROCEDURES W CC,1,,1
61-70,1,,1
231 - CORONARY BYPASS W PTCA W MCC,,1,1
1-10,,1,1
"923 - OTHER INJURY, POISONING & TOXIC EFFECT DIAG W/O MCC",,1,1
11-20,,1,1
201 - PNEUMOTHORAX W/O CC/MCC,,1,1
21-30,,1,1
198 - INTERSTITIAL LUNG DISEASE W/O CC/MCC,1,,1
41-50,1,,1
256 - UPPER LIMB & TOE AMPUTATION FOR CIRC SYSTEM DISORDERS W CC,,1,1
51-60,,1,1
132 - CRANIAL/FACIAL PROCEDURES W/O CC/MCC,1,,1
41-50,1,,1
"156 - OTHER EAR, NOSE, MOUTH & THROAT DIAGNOSES W/O CC/MCC",,1,1
31-40,,1,1
941 - O.R. PROC W DIAGNOSES OF OTHER CONTACT W HEALTH SERVICES W/O CC/MCC,,1,1
61-70,,1,1
951 - OTHER FACTORS INFLUENCING HEALTH STATUS,,1,1
11-20,,1,1
"147 - EAR, NOSE, MOUTH & THROAT MALIGNANCY W CC",,1,1
51-60,,1,1
"625 - THYROID, PARATHYROID & THYROGLOSSAL PROCEDURES W MCC",,1,1
61-70,,1,1
828 - MYELOPROLIF DISORD OR POORLY DIFF NEOPL W MAJ O.R. PROC W/O CC/MCC,,1,1
1-10,,1,1
597 - MALIGNANT BREAST DISORDERS W MCC,,1,1
1-10,,1,1
598 - MALIGNANT BREAST DISORDERS W CC,,1,1
21-30,,1,1
053 - SPINAL DISORDERS & INJURIES W/O CC/MCC,,1,1
41-50,,1,1
816 - RETICULOENDOTHELIAL & IMMUNITY DISORDERS W/O CC/MCC,,1,1
11-20,,1,1
814 - RETICULOENDOTHELIAL & IMMUNITY DISORDERS W MCC,1,,1
31-40,1,,1
052 - SPINAL DISORDERS & INJURIES W CC/MCC,,1,1
31-40,,1,1
"622 - SKIN GRAFTS & WOUND DEBRID FOR ENDOC, NUTRIT & METAB DIS W MCC",1,,1
1-10,1,,1
"624 - SKIN GRAFTS & WOUND DEBRID FOR ENDOC, NUTRIT & METAB DIS W/O CC/MCC",1,,1
41-50,1,,1
595 - MAJOR SKIN DISORDERS W MCC,1,,1
1-10,1,,1
766 - CESAREAN SECTION W/O CC/MCC,1,,1
11-20,1,,1
760 - MENSTRUAL & OTHER FEMALE REPRODUCTIVE SYSTEM DISORDERS W CC/MCC,1,,1
1-10,1,,1
666 - PROSTATECTOMY W CC,1,,1
61-70,1,,1
"744 - D&C, CONIZATION, LAPAROSCOPY & TUBAL INTERRUPTION W CC/MCC",,1,1
21-30,,1,1
686 - KIDNEY & URINARY TRACT NEOPLASMS W MCC,,1,1
31-40,,1,1
736 - UTERINE & ADNEXA PROC FOR OVARIAN OR ADNEXAL MALIGNANCY W MCC,1,,1
51-60,1,,1
718 - OTHER MALE REPRODUCTIVE SYSTEM O.R. PROC EXC MALIGNANCY W/O CC/MCC,1,,1
1-10,1,,1
727 - INFLAMMATION OF THE MALE REPRODUCTIVE SYSTEM W MCC,,1,1
11-20,,1,1
876 - O.R. PROCEDURE W PRINCIPAL DIAGNOSES OF MENTAL ILLNESS,1,,1
21-30,1,,1
098 - NON-BACTERIAL INFECT OF NERVOUS SYS EXC VIRAL MENINGITIS W CC,,1,1
61-70,,1,1
904 - SKIN GRAFTS FOR INJURIES W CC/MCC,,1,1
61-70,,1,1
901 - WOUND DEBRIDEMENTS FOR INJURIES W MCC,1,,1
1-10,1,,1
408 - BILIARY TRACT PROC EXCEPT ONLY CHOLECYST W OR W/O C.D.E. W MCC,,1,1
61-70,,1,1
414 - CHOLECYSTECTOMY EXCEPT BY LAPAROSCOPE W/O C.D.E. W MCC,1,,1
11-20,1,,1
423 - OTHER HEPATOBILIARY OR PANCREAS O.R. PROCEDURES W MCC,,1,1
61-70,,1,1
437 - MALIGNANCY OF HEPATOBILIARY SYSTEM OR PANCREAS W/O CC/MCC,1,,1
1-10,1,,1
077 - HYPERTENSIVE ENCEPHALOPATHY W MCC,1,,1
31-40,1,,1
102 - HEADACHES W MCC,,1,1
31-40,,1,1
869 - OTHER INFECTIOUS & PARASITIC DISEASES DIAGNOSES W/O CC/MCC,1,,1
31-40,1,,1
"510 - SHOULDER,ELBOW OR FOREARM PROC,EXC MAJOR JOINT PROC W MCC",,1,1
21-30,,1,1
"512 - SHOULDER,ELBOW OR FOREARM PROC,EXC MAJOR JOINT PROC W/O CC/MCC",,1,1
11-20,,1,1
"514 - HAND OR WRIST PROC, EXCEPT MAJOR THUMB OR JOINT PROC W/O CC/MCC",,1,1
11-20,,1,1
058 - MULTIPLE SCLEROSIS & CEREBELLAR ATAXIA W MCC,,1,1
61-70,,1,1
547 - CONNECTIVE TISSUE DISORDERS W/O CC/MCC,1,,1
11-20,1,,1
583 - MASTECTOMY FOR MALIGNANCY W/O CC/MCC,,1,1
21-30,,1,1
"585 - BREAST BIOPSY, LOCAL EXCISION & OTHER BREAST PROCEDURES W/O CC/MCC",1,,1
41-50,1,,1
Total Result,98366,97959,196325
